id,symbol,industry,date,open,high,low,close,volume
1,MSFT,Technology,2026-03-09,404.92,410.21,403.50,409.41,30131900
2,MSFT,Technology,2026-03-10,410.03,410.20,402.93,405.76,31706400
3,MSFT,Technology,2026-03-11,405.57,409.01,401.59,404.88,25512100
4,MSFT,Technology,2026-03-12,404.63,406.12,401.71,401.86,27263900
5,MSFT,Technology,2026-03-13,401.00,404.80,394.25,395.55,26848000
6,MSFT,Technology,2026-03-16,398.07,400.63,394.79,399.95,27733700
7,MSFT,Technology,2026-03-17,400.27,404.40,397.75,399.41,26228300
8,MSFT,Technology,2026-03-18,397.13,398.00,391.00,391.79,25908500
9,MSFT,Technology,2026-03-19,390.10,392.49,387.06,389.02,25138800
10,MSFT,Technology,2026-03-20,386.79,387.00,380.12,381.87,50853200
11,MSFT,Technology,2026-03-23,383.90,387.21,381.68,383.00,29680100
12,MSFT,Technology,2026-03-24,382.36,382.47,371.85,372.74,42733600
13,MSFT,Technology,2026-03-25,376.92,377.06,369.63,371.04,31181200
14,MSFT,Technology,2026-03-26,370.82,374.72,365.19,365.97,36836600
15,MSFT,Technology,2026-03-27,361.90,362.45,356.51,356.77,37883400
16,MSFT,Technology,2026-03-30,361.90,365.36,356.28,358.96,44797000
17,MSFT,Technology,2026-03-31,364.55,372.90,363.07,370.17,45244400
18,MSFT,Technology,2026-04-01,373.49,373.99,368.20,369.37,29417200
19,MSFT,Technology,2026-04-02,367.21,373.64,364.15,373.46,24099100
20,MSFT,Technology,2026-04-06,373.49,373.73,369.50,372.88,16146600
21,MSFT,Technology,2026-04-07,370.34,372.45,366.56,372.29,21443300
22,MSFT,Technology,2026-04-08,384.98,385.00,371.41,374.33,33064800
23,MSFT,Technology,2026-04-09,372.50,373.50,367.05,373.07,30435300
24,MSFT,Technology,2026-04-10,372.98,375.64,370.03,370.87,28111100
25,MSFT,Technology,2026-04-13,373.61,384.54,371.02,384.37,35745800
26,MSFT,Technology,2026-04-14,387.92,394.69,386.52,393.11,37504500
27,MSFT,Technology,2026-04-15,398.00,414.37,396.73,411.22,45063400
28,MSFT,Technology,2026-04-16,419.86,420.82,412.14,420.26,41642400
29,MSFT,Technology,2026-04-17,424.82,431.58,420.69,422.79,48568200
30,MSFT,Technology,2026-04-20,421.15,423.33,416.30,418.07,27582200
31,MSFT,Technology,2026-04-21,420.24,427.18,417.20,424.16,32048500
32,MSFT,Technology,2026-04-22,426.19,433.70,423.67,432.92,29378200
33,MSFT,Technology,2026-04-23,419.89,423.66,411.41,415.75,38308000
34,MSFT,Technology,2026-04-24,416.97,424.95,415.80,424.62,27457400
35,MSFT,Technology,2026-04-27,422.38,427.11,417.07,424.82,30867300
36,MSFT,Technology,2026-04-28,424.57,429.92,421.90,429.25,30438100
37,MSFT,Technology,2026-04-29,424.58,426.82,420.29,424.46,38288300
38,MSFT,Technology,2026-04-30,410.81,414.42,398.01,407.78,70909400
39,MSFT,Technology,2026-05-01,412.80,417.11,410.44,414.44,31372400
40,MSFT,Technology,2026-05-04,411.54,420.78,410.80,413.62,28066500
41,MSFT,Technology,2026-05-05,415.32,416.78,408.80,411.38,25700900
42,MSFT,Technology,2026-05-06,408.00,418.42,405.11,413.96,30285900
43,MSFT,Technology,2026-05-07,420.11,427.98,418.76,420.77,34942400
44,MSFT,Technology,2026-05-08,417.39,418.63,414.00,415.12,33383800
45,MSFT,Technology,2026-05-11,407.87,412.69,405.50,412.66,35657900
46,MSFT,Technology,2026-05-12,414.48,415.50,406.64,407.77,38594200
47,MSFT,Technology,2026-05-13,403.20,406.31,401.03,405.21,29667100
48,MSFT,Technology,2026-05-14,404.48,411.84,400.88,409.43,27077500
49,MSFT,Technology,2026-05-15,414.27,428.17,412.91,421.92,50771200
50,MSFT,Technology,2026-05-18,416.62,425.12,415.61,423.54,32564100
51,MSFT,Technology,2026-05-19,429.90,432.70,416.49,417.42,33018700
52,MSFT,Technology,2026-05-20,414.17,422.10,411.30,421.06,27864000
53,MSFT,Technology,2026-05-21,424.75,426.34,415.71,419.09,31393500
54,MSFT,Technology,2026-05-22,419.54,424.40,416.33,418.57,22390300
55,MSFT,Technology,2026-05-26,416.43,419.77,413.02,416.03,30398000
56,MSFT,Technology,2026-05-27,411.01,415.94,409.58,412.67,28901500
57,MSFT,Technology,2026-05-28,412.98,429.49,412.67,426.99,47250500
58,MSFT,Technology,2026-05-29,432.55,450.33,432.36,450.24,79654400
59,MSFT,Technology,2026-06-01,464.84,466.32,458.27,460.52,53628900
60,MSFT,Technology,2026-06-02,446.88,453.50,440.43,441.31,37036800
61,MSFT,Technology,2026-06-03,438.45,440.39,424.25,427.34,39037000
62,MSFT,Technology,2026-06-04,435.81,436.15,426.41,428.05,26899500
63,MSFT,Technology,2026-06-05,428.34,429.47,414.40,416.67,34782200
64,MSFT,Technology,2026-06-08,414.14,417.16,408.56,411.74,32086700
65,MSFT,Technology,2026-06-09,409.03,411.98,398.48,403.41,35317300
66,MSFT,Technology,2026-06-10,398.55,405.04,397.16,397.36,32576000
67,MSFT,Technology,2026-06-11,395.21,396.85,384.00,390.34,47224100
68,MSFT,Technology,2026-06-12,391.43,391.74,382.27,390.74,34865800
69,MSFT,Technology,2026-06-15,396.80,401.75,392.85,399.76,32266400
70,MSFT,Technology,2026-06-16,395.79,396.84,390.69,393.83,31506800
71,MSFT,Technology,2026-06-17,390.25,390.37,377.32,378.91,41987800
72,MSFT,Technology,2026-06-18,377.82,381.37,373.28,379.40,59714200
73,MSFT,Technology,2026-06-22,375.74,381.63,367.07,367.34,45171100
74,MSFT,Technology,2026-06-23,372.38,377.22,370.67,373.94,40647600
75,MSFT,Technology,2026-06-24,371.57,378.88,364.78,365.46,44509900
76,MSFT,Technology,2026-06-25,362.77,364.23,349.20,352.83,66179000
77,MSFT,Technology,2026-06-26,357.15,376.61,355.43,372.97,186201600
78,MSFT,Technology,2026-06-29,377.50,380.50,359.90,368.57,51229900
79,MSFT,Technology,2026-06-30,371.03,374.15,367.45,373.02,44945700
80,MSFT,Technology,2026-07-01,380.83,388.83,374.89,384.28,48065800
81,MSFT,Technology,2026-07-02,384.48,392.20,383.70,390.49,42128900
82,MSFT,Technology,2026-07-06,387.04,389.15,381.22,386.74,34224500
83,MSFT,Technology,2026-07-07,392.49,395.57,388.22,388.84,29297500
84,MSFT,Technology,2026-07-08,384.03,385.31,381.33,383.34,25908300
85,MSFT,Technology,2026-07-09,374.45,384.65,373.35,384.36,31083200
86,MSFT,Technology,2026-07-10,387.80,391.91,381.50,385.10,24644600
87,MSFT,Technology,2026-07-13,387.75,393.65,384.15,390.99,28914900
88,MSFT,Technology,2026-07-14,382.82,388.19,378.65,384.93,27863900
89,MSFT,Technology,2026-07-15,387.80,398.96,386.40,395.63,36253700
90,MSFT,Technology,2026-07-16,398.31,405.99,392.05,401.10,37047400
91,MSFT,Technology,2026-07-17,394.86,398.39,389.39,393.82,33049800
92,MSFT,Technology,2026-07-20,391.41,403.18,389.65,402.29,27915800
93,MSFT,Technology,2026-07-21,398.81,401.47,396.32,397.75,24126600
94,MSFT,Technology,2026-07-22,399.58,401.00,386.96,390.34,28142500
95,MSFT,Technology,2026-07-23,389.97,391.78,377.39,381.58,30351800
96,MSFT,Technology,2026-07-24,387.05,389.03,380.65,381.70,27659400
97,MSFT,Technology,2026-07-27,390.08,394.20,387.99,389.10,27856200
98,MSFT,Technology,2026-07-28,393.16,400.32,391.30,393.35,32367500
99,MSFT,Technology,2026-07-29,393.40,401.25,388.74,390.54,47209000
100,MSFT,Technology,2026-07-30,437.90,458.69,432.44,451.10,110160700
101,MSFT,Technology,2026-07-31,450.00,466.84,449.33,464.72,60846000
102,MSFT,Technology,2026-08-03,476.13,491.65,475.00,487.65,66762100
103,MSFT,Technology,2026-08-04,480.90,499.44,479.17,492.81,50455500
104,MSFT,Technology,2026-08-05,496.36,498.24,485.68,487.46,33388900
105,MSFT,Technology,2026-08-06,488.55,501.56,488.52,499.86,36441500
106,MSFT,Technology,2026-08-07,499.21,505.18,498.73,499.99,28846200
107,MSFT,Technology,2026-08-10,503.44,513.73,502.27,506.06,31206100
108,MSFT,Technology,2026-08-11,504.33,505.33,499.55,503.81,23049800
109,MSFT,Technology,2026-08-12,499.99,501.50,491.52,492.43,29001500
110,MSFT,Technology,2026-08-13,493.27,501.34,493.01,496.88,23039000
111,MSFT,Technology,2026-08-14,496.36,500.01,493.92,495.40,16217600
112,MSFT,Technology,2026-08-17,490.14,492.66,478.41,480.35,29635800
113,MSFT,Technology,2026-08-18,481.54,484.27,477.15,481.63,24087600
114,MSFT,Technology,2026-08-19,480.07,489.30,479.36,484.31,19961900
115,MSFT,Technology,2026-08-20,483.30,484.16,479.50,481.15,20020800
116,MSFT,Technology,2026-08-21,479.88,486.36,478.53,483.24,22510800
117,MSFT,Technology,2026-08-24,483.21,490.61,481.86,487.31,17230800
118,MSFT,Technology,2026-08-25,485.44,492.44,484.30,491.71,19519000
119,MSFT,Technology,2026-08-26,487.85,497.40,487.31,496.37,20758900
120,MSFT,Technology,2026-08-27,494.88,506.48,490.08,505.06,28688800
121,MSFT,Technology,2026-08-28,505.33,517.78,504.87,513.53,29207300
122,MSFT,Technology,2026-08-31,510.38,512.19,506.39,507.29,27208900
123,MSFT,Technology,2026-09-01,497.52,505.97,496.78,501.02,21046900
124,MSFT,Technology,2026-09-02,499.85,500.27,493.81,496.82,15336100
125,MSFT,Technology,2026-09-03,501.66,515.65,500.80,510.12,24125900
126,MSFT,Technology,2026-09-04,510.00,511.00,499.36,499.70,18101800
127,MSFT,Technology,2026-09-08,493.01,495.19,490.15,493.95,18863500
128,NVDA,Technology,2026-03-09,176.83,182.91,175.56,182.65,177213600
129,NVDA,Technology,2026-03-10,182.40,186.44,182.01,184.77,179118500
130,NVDA,Technology,2026-03-11,185.91,187.62,184.45,186.03,145280400
131,NVDA,Technology,2026-03-12,184.05,184.94,181.75,183.14,155762700
132,NVDA,Technology,2026-03-13,184.92,186.09,179.94,180.25,160988400
133,NVDA,Technology,2026-03-16,182.97,188.88,181.41,183.22,217307400
134,NVDA,Technology,2026-03-17,185.06,185.40,181.68,181.93,182497800
135,NVDA,Technology,2026-03-18,182.48,183.38,180.33,180.40,156683100
136,NVDA,Technology,2026-03-19,178.01,179.98,175.79,178.56,170968500
137,NVDA,Technology,2026-03-20,178.00,178.26,171.72,172.70,241323500
138,NVDA,Technology,2026-03-23,177.26,178.37,174.76,175.64,182836300
139,NVDA,Technology,2026-03-24,174.83,176.22,173.98,175.20,147667800
140,NVDA,Technology,2026-03-25,177.10,181.22,176.85,178.68,162602100
141,NVDA,Technology,2026-03-26,176.07,176.51,171.14,171.24,186152200
142,NVDA,Technology,2026-03-27,170.00,170.97,167.01,167.52,196212700
143,NVDA,Technology,2026-03-30,168.78,169.45,164.27,165.17,185627000
144,NVDA,Technology,2026-03-31,166.97,174.62,166.96,174.40,226181300
145,NVDA,Technology,2026-04-01,176.00,177.37,174.75,175.75,168132000
146,NVDA,Technology,2026-04-02,172.18,177.49,171.37,177.39,143143200
147,NVDA,Technology,2026-04-06,177.16,177.79,175.76,177.64,107564300
148,NVDA,Technology,2026-04-07,175.73,178.23,173.66,178.10,132534900
149,NVDA,Technology,2026-04-08,184.50,185.26,180.30,182.08,147732700
150,NVDA,Technology,2026-04-09,181.84,184.08,180.62,183.91,116428500
151,NVDA,Technology,2026-04-10,184.31,190.00,184.30,188.63,160459500
152,NVDA,Technology,2026-04-13,186.03,189.66,185.74,189.31,133648200
153,NVDA,Technology,2026-04-14,190.84,196.51,190.77,196.51,161307000
154,NVDA,Technology,2026-04-15,196.54,200.40,195.74,198.87,185338400
155,NVDA,Technology,2026-04-16,197.43,199.85,195.81,198.35,134012900
156,NVDA,Technology,2026-04-17,199.90,201.70,199.27,201.68,160324400
157,NVDA,Technology,2026-04-20,199.98,202.17,197.84,202.06,119381400
158,NVDA,Technology,2026-04-21,202.13,202.75,199.00,199.88,107945300
159,NVDA,Technology,2026-04-22,200.99,202.50,199.00,202.50,107501000
160,NVDA,Technology,2026-04-23,202.46,203.83,197.22,199.64,113561800
161,NVDA,Technology,2026-04-24,199.96,210.95,199.81,208.27,214134400
162,NVDA,Technology,2026-04-27,209.65,216.83,207.38,216.61,187172400
163,NVDA,Technology,2026-04-28,209.49,214.73,208.20,213.17,180275400
164,NVDA,Technology,2026-04-29,212.70,212.72,207.58,209.25,123711800
165,NVDA,Technology,2026-04-30,209.93,210.30,198.70,199.57,225239200
166,NVDA,Technology,2026-05-01,201.28,203.00,197.12,198.45,128647000
167,NVDA,Technology,2026-05-04,199.50,201.73,194.74,198.48,125368100
168,NVDA,Technology,2026-05-05,199.30,200.24,196.03,196.50,113406600
169,NVDA,Technology,2026-05-06,199.89,208.27,198.61,207.83,188362800
170,NVDA,Technology,2026-05-07,208.34,214.20,206.50,211.50,168307900
171,NVDA,Technology,2026-05-08,213.03,217.80,212.89,215.20,136421400
172,NVDA,Technology,2026-05-11,214.04,222.30,213.89,219.44,160685800
173,NVDA,Technology,2026-05-12,218.55,223.75,214.92,220.78,159176600
174,NVDA,Technology,2026-05-13,224.93,227.84,221.57,225.83,150405400
175,NVDA,Technology,2026-05-14,229.85,236.54,229.30,235.74,180782900
176,NVDA,Technology,2026-05-15,229.76,231.50,224.24,225.32,180977600
177,NVDA,Technology,2026-05-18,229.87,230.00,218.37,222.32,146280900
178,NVDA,Technology,2026-05-19,219.62,224.48,217.91,220.61,140948200
179,NVDA,Technology,2026-05-20,223.18,226.13,220.50,223.47,184201600
180,NVDA,Technology,2026-05-21,222.29,227.40,217.93,219.51,203381800
181,NVDA,Technology,2026-05-22,220.90,221.01,214.80,215.33,169275700
182,NVDA,Technology,2026-05-26,216.54,218.18,212.00,214.86,187202600
183,NVDA,Technology,2026-05-27,214.12,214.15,208.78,212.60,167601200
184,NVDA,Technology,2026-05-28,211.28,215.52,211.22,214.25,143996000
185,NVDA,Technology,2026-05-29,214.58,217.86,211.13,211.14,289410600
186,NVDA,Technology,2026-06-01,215.73,224.87,215.70,224.36,212850700
187,NVDA,Technology,2026-06-02,227.18,232.28,221.35,222.82,193362900
188,NVDA,Technology,2026-06-03,221.72,222.82,214.51,214.75,160907000
189,NVDA,Technology,2026-06-04,213.91,221.60,210.97,218.66,169022200
190,NVDA,Technology,2026-06-05,214.53,214.87,204.33,205.10,219655500
191,NVDA,Technology,2026-06-08,210.18,210.47,206.00,208.64,138372800
192,NVDA,Technology,2026-06-09,210.62,211.40,199.34,208.19,180962500
193,NVDA,Technology,2026-06-10,204.43,207.22,199.92,200.42,161746600
194,NVDA,Technology,2026-06-11,201.49,205.66,199.54,204.87,158643200
195,NVDA,Technology,2026-06-12,204.86,207.07,203.44,205.19,112001800
196,NVDA,Technology,2026-06-15,208.92,212.71,208.34,212.45,149936700
197,NVDA,Technology,2026-06-16,211.18,211.49,207.29,207.41,125694100
198,NVDA,Technology,2026-06-17,208.53,209.21,203.08,204.65,128363500
199,NVDA,Technology,2026-06-18,207.33,211.39,206.50,210.69,241272000
200,NVDA,Technology,2026-06-22,211.44,213.99,207.72,208.65,122041400
201,NVDA,Technology,2026-06-23,202.17,203.77,200.00,200.04,153496200
202,NVDA,Technology,2026-06-24,200.12,201.67,196.58,199.00,151810700
203,NVDA,Technology,2026-06-25,200.08,200.80,192.13,195.74,149550000
204,NVDA,Technology,2026-06-26,193.12,195.55,191.22,192.53,179304100
205,NVDA,Technology,2026-06-29,193.85,196.18,189.80,194.97,148835700
206,NVDA,Technology,2026-06-30,197.24,200.63,195.11,200.09,166476700
207,NVDA,Technology,2026-07-01,196.20,199.85,193.45,197.58,146147600
208,NVDA,Technology,2026-07-02,197.14,200.06,192.35,194.83,142068700
209,NVDA,Technology,2026-07-06,194.42,197.55,193.99,195.55,108999000
210,NVDA,Technology,2026-07-07,192.37,198.41,191.14,196.93,124154600
211,NVDA,Technology,2026-07-08,195.18,205.16,195.06,204.12,147419100
212,NVDA,Technology,2026-07-09,204.46,204.59,198.96,202.78,132037400
213,NVDA,Technology,2026-07-10,202.00,211.00,201.92,210.96,148421000
214,NVDA,Technology,2026-07-13,208.54,210.57,203.00,203.53,121411000
215,NVDA,Technology,2026-07-14,208.20,212.55,203.80,211.80,124379600
216,NVDA,Technology,2026-07-15,211.96,213.81,206.04,212.50,124797200
217,NVDA,Technology,2026-07-16,210.17,211.08,205.85,207.40,122986100
218,NVDA,Technology,2026-07-17,202.64,206.65,197.97,202.81,144281900
219,NVDA,Technology,2026-07-20,205.87,207.74,202.28,203.28,88701500
220,NVDA,Technology,2026-07-21,207.54,208.65,204.01,207.29,108685600
221,NVDA,Technology,2026-07-22,205.81,214.39,204.95,212.06,137645600
222,NVDA,Technology,2026-07-23,209.46,210.87,205.96,208.76,110505300
223,NVDA,Technology,2026-07-24,207.45,211.91,204.81,206.84,114836800
224,NVDA,Technology,2026-07-27,208.20,208.75,195.44,196.51,154353700
225,NVDA,Technology,2026-07-28,195.00,198.70,192.74,197.01,134111500
226,NVDA,Technology,2026-07-29,195.85,197.07,190.01,190.01,147680800
227,NVDA,Technology,2026-07-30,193.45,197.25,191.52,195.04,129010200
228,NVDA,Technology,2026-07-31,198.44,202.00,194.95,200.75,139961200
229,NVDA,Technology,2026-08-03,197.69,208.74,196.85,206.64,128406900
230,NVDA,Technology,2026-08-04,211.30,213.06,209.05,211.94,134922000
231,NVDA,Technology,2026-08-05,216.86,222.22,216.40,219.22,158187400
232,NVDA,Technology,2026-08-06,221.53,223.63,217.00,218.99,113940600
233,NVDA,Technology,2026-08-07,221.54,224.76,220.66,223.96,105669400
234,NVDA,Technology,2026-08-10,223.40,224.14,216.77,217.55,115846600
235,NVDA,Technology,2026-08-11,222.17,222.20,216.20,217.50,101273100
236,NVDA,Technology,2026-08-12,221.04,225.10,220.20,224.09,108783600
237,NVDA,Technology,2026-08-13,225.06,227.23,223.71,225.30,98867200
238,NVDA,Technology,2026-08-14,226.77,227.49,224.50,225.16,75680900
239,NVDA,Technology,2026-08-17,225.98,227.92,224.86,225.01,93678700
240,NVDA,Technology,2026-08-18,220.45,221.64,218.69,219.74,103128200
241,NVDA,Technology,2026-08-19,221.67,222.87,216.76,217.56,96797300
242,NVDA,Technology,2026-08-20,218.36,219.86,215.66,216.85,92457000
243,NVDA,Technology,2026-08-21,218.42,218.74,214.50,214.72,98869300
244,NVDA,Technology,2026-08-24,215.53,215.59,207.25,208.48,135187300
245,NVDA,Technology,2026-08-25,211.03,214.73,210.11,213.05,122309000
246,NVDA,Technology,2026-08-26,212.64,213.60,209.23,209.66,179900000
247,NVDA,Technology,2026-08-27,222.86,230.47,220.90,227.98,298909800
248,NVDA,Technology,2026-08-28,227.36,229.26,216.81,217.55,195116400
249,NVDA,Technology,2026-08-31,218.87,221.30,216.21,220.78,124702700
250,NVDA,Technology,2026-09-01,216.75,220.41,215.10,217.44,109756200
251,NVDA,Technology,2026-09-02,218.79,227.95,218.48,224.41,157104700
252,NVDA,Technology,2026-09-03,226.02,230.40,224.75,228.45,134681600
253,NVDA,Technology,2026-09-04,231.09,234.76,229.63,230.36,135352400
254,NVDA,Technology,2026-09-08,233.11,233.71,224.85,225.73,122580300
255,LLY,Healthcare,2026-03-09,986.89,1008.93,980.58,1008.39,2802200
256,LLY,Healthcare,2026-03-10,1006.00,1012.00,994.00,1001.35,1663700
257,LLY,Healthcare,2026-03-11,1000.03,1002.93,990.30,999.84,1446900
258,LLY,Healthcare,2026-03-12,993.45,994.50,973.16,977.25,2340100
259,LLY,Healthcare,2026-03-13,980.13,1003.22,978.00,985.08,1984400
260,LLY,Healthcare,2026-03-16,991.98,998.17,975.51,989.12,2289900
261,LLY,Healthcare,2026-03-17,978.92,981.17,925.25,930.35,5637500
262,LLY,Healthcare,2026-03-18,925.00,929.00,905.11,918.05,3443800
263,LLY,Healthcare,2026-03-19,914.00,924.53,910.86,917.50,2379000
264,LLY,Healthcare,2026-03-20,910.55,925.38,899.29,906.70,4818800
265,LLY,Healthcare,2026-03-23,913.49,926.78,907.23,910.55,2817500
266,LLY,Healthcare,2026-03-24,907.00,908.67,895.61,903.02,2572700
267,LLY,Healthcare,2026-03-25,912.49,922.15,909.09,916.31,2177700
268,LLY,Healthcare,2026-03-26,912.38,916.35,896.29,897.00,2163200
269,LLY,Healthcare,2026-03-27,896.00,900.83,877.11,878.24,2740800
270,LLY,Healthcare,2026-03-30,888.48,897.43,883.11,886.63,3070200
271,LLY,Healthcare,2026-03-31,893.49,924.14,892.14,919.77,3464200
272,LLY,Healthcare,2026-04-01,926.88,976.68,925.99,954.52,6267900
273,LLY,Healthcare,2026-04-02,945.00,957.69,930.02,935.58,2727100
274,LLY,Healthcare,2026-04-06,932.04,936.00,919.78,927.06,1821100
275,LLY,Healthcare,2026-04-07,924.50,932.66,898.45,931.09,2726900
276,LLY,Healthcare,2026-04-08,941.52,961.14,933.13,953.30,2568000
277,LLY,Healthcare,2026-04-09,948.47,963.76,939.29,955.19,1672100
278,LLY,Healthcare,2026-04-10,963.69,963.94,935.54,939.47,1958900
279,LLY,Healthcare,2026-04-13,939.97,945.90,927.17,929.55,2089600
280,LLY,Healthcare,2026-04-14,925.00,939.93,915.04,922.50,2360200
281,LLY,Healthcare,2026-04-15,923.50,930.00,888.03,905.03,4233400
282,LLY,Healthcare,2026-04-16,911.67,920.00,898.15,903.99,2836600
283,LLY,Healthcare,2026-04-17,917.80,929.99,917.80,927.03,3266100
284,LLY,Healthcare,2026-04-20,926.90,929.64,912.50,919.90,1926300
285,LLY,Healthcare,2026-04-21,910.20,913.05,881.11,903.02,4062800
286,LLY,Healthcare,2026-04-22,906.40,922.54,902.23,921.48,2623800
287,LLY,Healthcare,2026-04-23,929.49,930.00,911.89,917.65,2149200
288,LLY,Healthcare,2026-04-24,900.01,900.42,871.73,883.96,4463700
289,LLY,Healthcare,2026-04-27,878.13,891.20,868.04,868.27,2700300
290,LLY,Healthcare,2026-04-28,871.90,878.15,863.35,874.00,2561300
291,LLY,Healthcare,2026-04-29,866.04,869.02,850.51,851.21,3904600
292,LLY,Healthcare,2026-04-30,898.78,945.50,896.80,934.60,8236700
293,LLY,Healthcare,2026-05-01,948.95,984.45,943.80,963.33,4352400
294,LLY,Healthcare,2026-05-04,960.00,974.22,951.76,967.93,3696900
295,LLY,Healthcare,2026-05-05,971.89,992.80,964.41,988.87,2955500
296,LLY,Healthcare,2026-05-06,991.35,996.49,983.50,987.05,3921200
297,LLY,Healthcare,2026-05-07,985.37,989.00,967.10,974.96,3494900
298,LLY,Healthcare,2026-05-08,974.07,980.00,947.51,948.45,3559200
299,LLY,Healthcare,2026-05-11,949.00,995.00,943.26,966.99,3517500
300,LLY,Healthcare,2026-05-12,974.44,997.52,971.18,989.87,3037500
301,LLY,Healthcare,2026-05-13,994.75,1022.82,992.00,1015.75,3486400
302,LLY,Healthcare,2026-05-14,1017.49,1018.17,996.01,1006.70,1751700
303,LLY,Healthcare,2026-05-15,1006.98,1014.38,997.41,1004.92,2820700
304,LLY,Healthcare,2026-05-18,1000.61,1003.00,978.87,988.09,2016000
305,LLY,Healthcare,2026-05-19,989.51,1021.80,984.60,1021.41,3796000
306,LLY,Healthcare,2026-05-20,1024.99,1037.88,1003.69,1018.87,2998800
307,LLY,Healthcare,2026-05-21,1024.30,1047.30,1022.00,1041.65,2705200
308,LLY,Healthcare,2026-05-22,1049.81,1070.34,1047.07,1065.00,3470600
309,LLY,Healthcare,2026-05-26,1075.00,1082.00,1060.36,1064.74,2981000
310,LLY,Healthcare,2026-05-27,1072.26,1093.00,1069.90,1082.92,2583000
311,LLY,Healthcare,2026-05-28,1096.64,1149.10,1092.01,1126.80,4600700
312,LLY,Healthcare,2026-05-29,1127.00,1132.66,1089.01,1105.00,4600800
313,LLY,Healthcare,2026-06-01,1095.00,1106.17,1071.60,1082.20,2693400
314,LLY,Healthcare,2026-06-02,1067.37,1078.22,1052.15,1064.15,2408500
315,LLY,Healthcare,2026-06-03,1059.50,1093.28,1053.51,1078.78,2655600
316,LLY,Healthcare,2026-06-04,1108.60,1140.46,1101.62,1125.27,4046700
317,LLY,Healthcare,2026-06-05,1142.97,1166.29,1131.03,1131.42,4126200
318,LLY,Healthcare,2026-06-08,1159.00,1182.73,1143.60,1149.15,4504400
319,LLY,Healthcare,2026-06-09,1165.00,1174.60,1137.75,1144.68,3822000
320,LLY,Healthcare,2026-06-10,1152.50,1166.42,1133.53,1136.37,2700600
321,LLY,Healthcare,2026-06-11,1139.71,1170.12,1125.64,1160.95,2764900
322,LLY,Healthcare,2026-06-12,1165.00,1169.99,1132.81,1133.00,2438400
323,LLY,Healthcare,2026-06-15,1134.00,1137.49,1112.01,1129.35,3167200
324,LLY,Healthcare,2026-06-16,1138.82,1146.69,1115.50,1122.50,2260700
325,LLY,Healthcare,2026-06-17,1116.70,1121.49,1104.90,1112.00,2383300
326,LLY,Healthcare,2026-06-18,1120.49,1122.33,1088.66,1098.57,4470500
327,LLY,Healthcare,2026-06-22,1112.24,1119.45,1093.15,1102.08,3015000
328,LLY,Healthcare,2026-06-23,1117.00,1122.02,1079.22,1107.08,3316300
329,LLY,Healthcare,2026-06-24,1129.41,1135.14,1100.98,1117.26,2908200
330,LLY,Healthcare,2026-06-25,1126.99,1145.43,1114.00,1127.69,2757200
331,LLY,Healthcare,2026-06-26,1128.80,1215.76,1128.00,1208.12,7725800
332,LLY,Healthcare,2026-06-29,1222.78,1238.00,1203.14,1229.93,3684700
333,LLY,Healthcare,2026-06-30,1228.88,1230.05,1190.20,1199.43,3723600
334,LLY,Healthcare,2026-07-01,1217.51,1217.51,1173.93,1191.74,2720400
335,LLY,Healthcare,2026-07-02,1193.01,1232.00,1180.30,1213.91,3296100
336,LLY,Healthcare,2026-07-06,1208.00,1213.79,1183.34,1200.06,2348800
337,LLY,Healthcare,2026-07-07,1232.88,1249.45,1222.77,1235.56,2933800
338,LLY,Healthcare,2026-07-08,1221.10,1241.89,1204.16,1215.83,2608600
339,LLY,Healthcare,2026-07-09,1211.64,1230.00,1200.37,1216.95,2088100
340,LLY,Healthcare,2026-07-10,1210.31,1212.96,1178.32,1188.58,2010200
341,LLY,Healthcare,2026-07-13,1180.11,1196.29,1166.01,1181.87,2072700
342,LLY,Healthcare,2026-07-14,1166.01,1166.01,1140.74,1152.54,2642900
343,LLY,Healthcare,2026-07-15,1145.50,1160.82,1134.40,1156.63,2552200
344,LLY,Healthcare,2026-07-16,1162.27,1189.07,1141.20,1169.17,2791100
345,LLY,Healthcare,2026-07-17,1159.45,1187.95,1151.01,1179.11,2757500
346,LLY,Healthcare,2026-07-20,1179.65,1187.12,1144.43,1146.90,2644200
347,LLY,Healthcare,2026-07-21,1143.00,1177.58,1139.00,1175.41,2092000
348,LLY,Healthcare,2026-07-22,1173.91,1175.00,1153.50,1163.01,1555800
349,LLY,Healthcare,2026-07-23,1146.62,1189.59,1141.78,1185.87,1909900
350,LLY,Healthcare,2026-07-24,1194.35,1206.94,1187.50,1196.03,1983300
351,LLY,Healthcare,2026-07-27,1201.00,1205.05,1183.45,1197.53,1592800
352,LLY,Healthcare,2026-07-28,1217.60,1232.00,1205.01,1220.66,2375400
353,LLY,Healthcare,2026-07-29,1215.18,1229.19,1204.80,1210.02,2170900
354,LLY,Healthcare,2026-07-30,1174.03,1186.65,1153.14,1154.97,3027700
355,LLY,Healthcare,2026-07-31,1148.51,1150.63,1119.00,1148.84,2884600
356,LLY,Healthcare,2026-08-03,1152.00,1161.94,1109.15,1121.36,2934000
357,LLY,Healthcare,2026-08-04,1117.38,1135.83,1109.16,1115.68,4097200
358,LLY,Healthcare,2026-08-05,1174.00,1216.94,1138.43,1169.86,6445700
359,LLY,Healthcare,2026-08-06,1196.55,1230.88,1173.50,1191.94,3422400
360,LLY,Healthcare,2026-08-07,1188.00,1196.80,1161.20,1185.71,2898500
361,LLY,Healthcare,2026-08-10,1185.01,1231.94,1184.41,1231.94,3011900
362,LLY,Healthcare,2026-08-11,1230.65,1238.00,1209.53,1215.02,2113200
363,LLY,Healthcare,2026-08-12,1201.73,1226.50,1191.08,1220.28,1941600
364,LLY,Healthcare,2026-08-13,1238.30,1240.10,1206.00,1209.00,1927300
365,LLY,Healthcare,2026-08-14,1194.01,1199.00,1171.20,1180.16,2274500
366,LLY,Healthcare,2026-08-17,1175.20,1198.52,1163.50,1183.16,1807000
367,LLY,Healthcare,2026-08-18,1200.00,1228.47,1194.01,1225.73,2509100
368,LLY,Healthcare,2026-08-19,1245.81,1292.65,1240.54,1280.34,4541800
369,LLY,Healthcare,2026-08-20,1274.13,1280.28,1243.23,1244.40,2621400
370,LLY,Healthcare,2026-08-21,1232.00,1271.22,1230.00,1255.40,2497300
371,LLY,Healthcare,2026-08-24,1262.14,1262.14,1230.95,1246.93,1664600
372,LLY,Healthcare,2026-08-25,1249.00,1264.73,1229.79,1233.66,2141100
373,LLY,Healthcare,2026-08-26,1234.00,1235.78,1180.01,1189.41,3000500
374,LLY,Healthcare,2026-08-27,1182.25,1190.11,1171.71,1176.10,2730600
375,LLY,Healthcare,2026-08-28,1172.66,1180.00,1162.93,1174.61,2450800
376,LLY,Healthcare,2026-08-31,1168.47,1171.45,1147.00,1156.73,3055800
377,LLY,Healthcare,2026-09-01,1188.00,1188.33,1156.85,1160.00,2520100
378,LLY,Healthcare,2026-09-02,1164.15,1187.83,1158.00,1160.08,2445100
379,LLY,Healthcare,2026-09-03,1170.00,1171.66,1137.50,1159.60,2550500
380,LLY,Healthcare,2026-09-04,1150.61,1158.44,1138.31,1149.36,2218900
381,LLY,Healthcare,2026-09-08,1133.00,1134.53,1113.55,1123.91,2400500
382,JNJ,Healthcare,2026-03-09,240.87,244.09,240.04,242.59,7844000
383,JNJ,Healthcare,2026-03-10,242.30,245.00,240.82,243.71,7214100
384,JNJ,Healthcare,2026-03-11,242.87,243.69,241.36,242.99,6933200
385,JNJ,Healthcare,2026-03-12,241.46,244.40,240.30,242.04,7710200
386,JNJ,Healthcare,2026-03-13,244.21,245.59,241.50,241.52,6415300
387,JNJ,Healthcare,2026-03-16,243.92,245.06,241.67,243.19,7571500
388,JNJ,Healthcare,2026-03-17,243.58,244.14,237.22,238.11,7281800
389,JNJ,Healthcare,2026-03-18,237.87,239.11,235.42,237.28,6811500
390,JNJ,Healthcare,2026-03-19,238.34,239.26,236.31,237.60,7511500
391,JNJ,Healthcare,2026-03-20,236.83,238.29,234.50,235.37,17156600
392,JNJ,Healthcare,2026-03-23,237.40,238.31,234.25,235.42,7313700
393,JNJ,Healthcare,2026-03-24,234.14,236.00,232.24,235.27,9046200
394,JNJ,Healthcare,2026-03-25,236.80,241.46,235.73,239.93,6456400
395,JNJ,Healthcare,2026-03-26,240.00,241.65,238.93,239.24,5171400
396,JNJ,Healthcare,2026-03-27,241.19,242.68,239.13,240.45,7617600
397,JNJ,Healthcare,2026-03-30,243.49,244.21,240.51,242.49,7241300
398,JNJ,Healthcare,2026-03-31,243.01,245.33,242.65,244.44,7554200
399,JNJ,Healthcare,2026-04-01,245.60,247.20,243.74,244.12,6314600
400,JNJ,Healthcare,2026-04-02,245.11,247.21,241.87,243.04,6878700
401,JNJ,Healthcare,2026-04-06,242.65,243.52,240.50,240.97,4442400
402,JNJ,Healthcare,2026-04-07,240.78,240.78,236.01,238.41,6241100
403,JNJ,Healthcare,2026-04-08,236.64,241.33,233.90,241.30,8771100
404,JNJ,Healthcare,2026-04-09,241.30,244.20,240.54,241.31,6216500
405,JNJ,Healthcare,2026-04-10,242.00,242.26,237.91,238.46,7354500
406,JNJ,Healthcare,2026-04-13,237.71,238.39,235.18,237.96,7663600
407,JNJ,Healthcare,2026-04-14,235.01,242.19,233.25,240.10,10318700
408,JNJ,Healthcare,2026-04-15,239.94,240.42,236.75,238.67,6463500
409,JNJ,Healthcare,2026-04-16,237.42,238.14,232.12,234.54,8668900
410,JNJ,Healthcare,2026-04-17,234.36,235.54,232.04,234.18,8946300
411,JNJ,Healthcare,2026-04-20,234.81,235.26,229.53,230.69,7810500
412,JNJ,Healthcare,2026-04-21,229.35,229.69,224.70,226.16,11681200
413,JNJ,Healthcare,2026-04-22,226.18,227.48,223.78,226.10,9003400
414,JNJ,Healthcare,2026-04-23,227.25,231.39,227.03,230.65,7097600
415,JNJ,Healthcare,2026-04-24,229.03,229.99,227.02,227.50,6067500
416,JNJ,Healthcare,2026-04-27,225.77,227.91,224.35,225.34,7897800
417,JNJ,Healthcare,2026-04-28,227.73,231.03,226.37,227.79,7179800
418,JNJ,Healthcare,2026-04-29,225.52,228.71,224.86,227.35,7071100
419,JNJ,Healthcare,2026-04-30,227.95,231.16,227.81,229.85,8157200
420,JNJ,Healthcare,2026-05-01,229.06,229.77,227.02,227.19,6863600
421,JNJ,Healthcare,2026-05-04,225.51,227.07,223.58,224.20,8215200
422,JNJ,Healthcare,2026-05-05,225.39,226.53,224.90,225.55,5556700
423,JNJ,Healthcare,2026-05-06,225.25,226.34,222.95,224.62,7982300
424,JNJ,Healthcare,2026-05-07,224.78,224.78,220.63,222.51,7269700
425,JNJ,Healthcare,2026-05-08,222.94,223.37,220.92,221.32,5550600
426,JNJ,Healthcare,2026-05-11,221.32,223.28,220.37,221.43,6223200
427,JNJ,Healthcare,2026-05-12,223.00,227.65,221.65,224.26,8632500
428,JNJ,Healthcare,2026-05-13,225.82,230.80,225.44,230.42,7464500
429,JNJ,Healthcare,2026-05-14,231.00,231.76,229.16,230.80,6974400
430,JNJ,Healthcare,2026-05-15,230.77,232.14,226.44,226.71,12167000
431,JNJ,Healthcare,2026-05-18,226.71,229.70,225.86,228.92,10141600
432,JNJ,Healthcare,2026-05-19,228.94,230.85,228.04,230.00,9677900
433,JNJ,Healthcare,2026-05-20,231.69,232.00,229.17,229.32,7353800
434,JNJ,Healthcare,2026-05-21,229.32,231.89,227.35,231.73,5239000
435,JNJ,Healthcare,2026-05-22,233.00,235.50,232.72,234.34,5462300
436,JNJ,Healthcare,2026-05-26,233.00,233.24,229.08,230.18,6619600
437,JNJ,Healthcare,2026-05-27,229.98,232.89,229.02,231.29,5835500
438,JNJ,Healthcare,2026-05-28,230.03,231.87,229.73,230.80,7193400
439,JNJ,Healthcare,2026-05-29,231.23,231.50,224.59,225.33,13897700
440,JNJ,Healthcare,2026-06-01,223.20,224.44,220.84,223.51,8041000
441,JNJ,Healthcare,2026-06-02,222.58,225.50,221.17,222.89,5669000
442,JNJ,Healthcare,2026-06-03,222.45,224.93,222.00,223.24,6507200
443,JNJ,Healthcare,2026-06-04,227.09,228.67,225.90,228.17,7274800
444,JNJ,Healthcare,2026-06-05,230.00,235.22,229.00,232.77,8034900
445,JNJ,Healthcare,2026-06-08,232.77,234.95,230.56,232.16,7559800
446,JNJ,Healthcare,2026-06-09,232.38,237.71,230.41,237.00,8354500
447,JNJ,Healthcare,2026-06-10,238.85,240.93,237.05,238.49,8350800
448,JNJ,Healthcare,2026-06-11,240.00,241.60,238.14,238.33,7399000
449,JNJ,Healthcare,2026-06-12,240.00,240.91,237.52,240.87,6459400
450,JNJ,Healthcare,2026-06-15,239.00,239.50,233.58,235.66,7732000
451,JNJ,Healthcare,2026-06-16,236.37,236.37,231.02,235.18,7718100
452,JNJ,Healthcare,2026-06-17,234.03,235.43,230.70,234.20,8548000
453,JNJ,Healthcare,2026-06-18,231.78,232.75,227.60,228.39,18989800
454,JNJ,Healthcare,2026-06-22,228.95,231.45,227.50,231.29,8518300
455,JNJ,Healthcare,2026-06-23,235.64,239.80,234.35,239.08,11802000
456,JNJ,Healthcare,2026-06-24,239.89,243.04,238.75,241.00,8139200
457,JNJ,Healthcare,2026-06-25,241.27,248.19,240.89,244.88,10130400
458,JNJ,Healthcare,2026-06-26,248.27,255.11,247.87,254.66,16316800
459,JNJ,Healthcare,2026-06-29,253.19,258.58,252.03,258.51,8608400
460,JNJ,Healthcare,2026-06-30,259.00,259.90,253.17,253.97,8469500
461,JNJ,Healthcare,2026-07-01,253.25,254.20,251.08,253.98,6516500
462,JNJ,Healthcare,2026-07-02,255.78,263.10,254.00,263.04,7998700
463,JNJ,Healthcare,2026-07-06,260.23,261.38,255.93,259.33,6803700
464,JNJ,Healthcare,2026-07-07,264.89,269.43,264.05,267.24,9089700
465,JNJ,Healthcare,2026-07-08,268.60,268.60,263.13,263.40,6769400
466,JNJ,Healthcare,2026-07-09,260.63,263.45,258.13,259.10,6426100
467,JNJ,Healthcare,2026-07-10,260.19,261.30,255.52,256.98,6534700
468,JNJ,Healthcare,2026-07-13,257.95,259.53,256.15,257.77,5272200
469,JNJ,Healthcare,2026-07-14,255.53,256.39,252.14,253.85,8770600
470,JNJ,Healthcare,2026-07-15,250.09,256.83,246.05,247.02,10547300
471,JNJ,Healthcare,2026-07-16,248.90,253.55,246.30,249.97,11097600
472,JNJ,Healthcare,2026-07-17,252.59,255.66,251.95,253.04,10167700
473,JNJ,Healthcare,2026-07-20,252.01,254.18,248.63,248.82,8114700
474,JNJ,Healthcare,2026-07-21,247.45,251.34,245.49,250.61,7793100
475,JNJ,Healthcare,2026-07-22,252.76,256.29,251.21,255.63,9100200
476,JNJ,Healthcare,2026-07-23,255.24,260.20,254.42,259.27,8063300
477,JNJ,Healthcare,2026-07-24,261.43,263.71,259.61,263.40,6351800
478,JNJ,Healthcare,2026-07-27,262.55,268.80,261.35,265.95,9647900
479,JNJ,Healthcare,2026-07-28,270.00,274.90,266.18,266.73,10491000
480,JNJ,Healthcare,2026-07-29,268.50,269.34,264.79,265.53,6105600
481,JNJ,Healthcare,2026-07-30,259.03,260.52,254.56,255.82,8216500
482,JNJ,Healthcare,2026-07-31,256.01,258.48,253.29,256.35,6782100
483,JNJ,Healthcare,2026-08-03,254.97,257.75,250.91,254.41,8136300
484,JNJ,Healthcare,2026-08-04,254.41,255.52,250.44,254.93,7362400
485,JNJ,Healthcare,2026-08-05,255.25,259.32,254.47,257.59,6472600
486,JNJ,Healthcare,2026-08-06,261.71,262.11,255.28,256.98,6931800
487,JNJ,Healthcare,2026-08-07,255.89,259.60,255.12,259.24,6532100
488,JNJ,Healthcare,2026-08-10,259.06,262.00,258.55,261.81,8985100
489,JNJ,Healthcare,2026-08-11,261.23,264.15,258.36,259.80,5945900
490,JNJ,Healthcare,2026-08-12,256.00,261.41,255.26,260.86,4629300
491,JNJ,Healthcare,2026-08-13,261.73,262.62,259.65,262.08,4852700
492,JNJ,Healthcare,2026-08-14,260.65,261.71,259.16,260.35,4998100
493,JNJ,Healthcare,2026-08-17,258.87,264.28,258.01,262.37,5515500
494,JNJ,Healthcare,2026-08-18,267.67,271.73,266.33,271.11,7838200
495,JNJ,Healthcare,2026-08-19,273.00,276.47,270.56,273.41,7728500
496,JNJ,Healthcare,2026-08-20,273.40,273.40,267.37,267.37,6475900
497,JNJ,Healthcare,2026-08-21,267.83,272.66,267.00,270.24,6186800
498,JNJ,Healthcare,2026-08-24,269.74,273.98,268.57,273.04,5436100
499,JNJ,Healthcare,2026-08-25,271.00,273.80,270.18,273.14,4687000
500,JNJ,Healthcare,2026-08-26,271.97,272.91,269.55,270.00,7214100
501,JNJ,Healthcare,2026-08-27,268.45,268.45,263.83,265.77,7306200
502,JNJ,Healthcare,2026-08-28,265.78,268.38,264.27,268.04,5765600
503,JNJ,Healthcare,2026-08-31,267.13,267.77,265.17,265.85,7900100
504,JNJ,Healthcare,2026-09-01,270.83,271.91,267.02,271.19,6033600
505,JNJ,Healthcare,2026-09-02,274.74,281.07,273.53,275.21,7910600
506,JNJ,Healthcare,2026-09-03,277.32,278.89,273.16,278.43,5940300
507,JNJ,Healthcare,2026-09-04,275.13,277.80,274.75,275.23,4320100
508,JNJ,Healthcare,2026-09-08,271.28,271.99,266.88,269.12,8084700
509,JPM,Financials,2026-03-09,285.50,291.10,280.45,289.92,12241100
510,JPM,Financials,2026-03-10,289.29,292.75,287.18,288.73,8344900
511,JPM,Financials,2026-03-11,288.81,290.48,284.86,287.52,10205000
512,JPM,Financials,2026-03-12,282.83,283.88,279.10,282.89,13760500
513,JPM,Financials,2026-03-13,284.67,287.19,282.95,283.44,9091200
514,JPM,Financials,2026-03-16,286.34,289.27,284.61,286.16,8149000
515,JPM,Financials,2026-03-17,289.00,291.76,285.95,286.89,8961200
516,JPM,Financials,2026-03-18,286.83,289.41,285.12,287.74,10057000
517,JPM,Financials,2026-03-19,286.88,289.51,284.62,287.97,9846700
518,JPM,Financials,2026-03-20,288.08,290.71,285.27,286.56,22436500
519,JPM,Financials,2026-03-23,294.31,295.75,287.97,289.91,11470800
520,JPM,Financials,2026-03-24,286.17,295.48,285.37,292.40,11092300
521,JPM,Financials,2026-03-25,294.15,297.64,292.44,295.42,12188200
522,JPM,Financials,2026-03-26,292.58,294.99,290.73,291.66,8669200
523,JPM,Financials,2026-03-27,289.14,290.11,281.75,282.84,9873300
524,JPM,Financials,2026-03-30,284.74,287.25,282.33,283.77,11734400
525,JPM,Financials,2026-03-31,288.47,295.07,284.95,294.16,12956900
526,JPM,Financials,2026-04-01,295.39,298.72,292.91,295.38,11267200
527,JPM,Financials,2026-04-02,291.91,295.62,288.72,294.60,6669300
528,JPM,Financials,2026-04-06,294.06,296.83,293.20,295.45,7142600
529,JPM,Financials,2026-04-07,293.14,298.18,292.70,297.40,7849100
530,JPM,Financials,2026-04-08,307.97,311.26,305.33,307.97,10590200
531,JPM,Financials,2026-04-09,306.95,311.26,306.11,310.33,6586600
532,JPM,Financials,2026-04-10,310.00,310.35,306.72,309.87,6069700
533,JPM,Financials,2026-04-13,307.47,313.74,305.46,313.68,8318200
534,JPM,Financials,2026-04-14,309.82,314.32,308.87,311.12,11455500
535,JPM,Financials,2026-04-15,313.95,314.24,304.26,305.93,9885800
536,JPM,Financials,2026-04-16,305.35,309.95,305.20,309.95,8208600
537,JPM,Financials,2026-04-17,312.47,314.90,310.09,310.29,11082400
538,JPM,Financials,2026-04-20,310.85,317.13,310.37,316.99,10772000
539,JPM,Financials,2026-04-21,317.49,320.24,312.75,313.00,7084300
540,JPM,Financials,2026-04-22,314.85,315.15,311.94,313.02,5545900
541,JPM,Financials,2026-04-23,313.52,314.99,308.89,311.69,6969700
542,JPM,Financials,2026-04-24,311.15,311.15,307.89,308.28,5215300
543,JPM,Financials,2026-04-27,306.88,312.58,306.88,311.63,7925300
544,JPM,Financials,2026-04-28,315.20,315.45,311.17,311.45,7398600
545,JPM,Financials,2026-04-29,310.57,312.05,307.29,309.25,8031800
546,JPM,Financials,2026-04-30,307.07,314.10,306.57,313.23,8865400
547,JPM,Financials,2026-05-01,313.95,316.08,311.83,312.47,6135400
548,JPM,Financials,2026-05-04,310.62,310.65,306.51,307.65,7338200
549,JPM,Financials,2026-05-05,307.71,310.97,306.80,309.40,6316800
550,JPM,Financials,2026-05-06,311.45,316.26,311.35,314.90,8629500
551,JPM,Financials,2026-05-07,314.65,316.30,306.14,306.27,8359600
552,JPM,Financials,2026-05-08,308.25,308.99,300.50,302.10,9464300
553,JPM,Financials,2026-05-11,302.10,303.19,298.88,300.00,9512000
554,JPM,Financials,2026-05-12,300.02,306.06,295.55,304.88,9498200
555,JPM,Financials,2026-05-13,302.27,303.00,300.07,300.25,7709500
556,JPM,Financials,2026-05-14,302.25,303.75,298.81,299.91,7364300
557,JPM,Financials,2026-05-15,300.21,300.79,296.45,297.81,8699300
558,JPM,Financials,2026-05-18,298.00,301.26,297.22,300.73,7546300
559,JPM,Financials,2026-05-19,301.09,301.79,295.26,295.70,8066900
560,JPM,Financials,2026-05-20,296.70,302.93,293.67,301.98,9327000
561,JPM,Financials,2026-05-21,301.23,303.98,300.21,303.00,7874400
562,JPM,Financials,2026-05-22,304.68,307.45,303.84,306.38,5973900
563,JPM,Financials,2026-05-26,308.49,309.93,305.44,306.74,7725400
564,JPM,Financials,2026-05-27,305.00,305.90,295.75,299.28,11779200
565,JPM,Financials,2026-05-28,297.57,301.07,295.75,296.73,9757700
566,JPM,Financials,2026-05-29,296.40,299.88,295.20,299.31,13969000
567,JPM,Financials,2026-06-01,297.69,299.55,295.27,296.58,7930000
568,JPM,Financials,2026-06-02,296.50,302.07,295.27,300.96,8296200
569,JPM,Financials,2026-06-03,299.92,301.96,296.56,300.85,7003900
570,JPM,Financials,2026-06-04,305.74,312.91,304.44,310.89,10345200
571,JPM,Financials,2026-06-05,314.29,315.00,309.60,312.37,9118800
572,JPM,Financials,2026-06-08,313.25,316.30,310.78,311.11,6827000
573,JPM,Financials,2026-06-09,313.51,316.42,309.01,312.70,11594600
574,JPM,Financials,2026-06-10,312.56,314.75,309.03,309.14,7446200
575,JPM,Financials,2026-06-11,309.56,314.72,308.88,313.49,9116600
576,JPM,Financials,2026-06-12,315.97,321.30,315.55,320.72,7426200
577,JPM,Financials,2026-06-15,323.92,325.92,318.84,319.40,7988900
578,JPM,Financials,2026-06-16,324.30,331.75,324.02,331.14,11094900
579,JPM,Financials,2026-06-17,332.18,337.77,331.50,333.46,12246400
580,JPM,Financials,2026-06-18,336.95,338.09,324.16,325.22,20111000
581,JPM,Financials,2026-06-22,329.70,332.77,326.75,331.48,10182500
582,JPM,Financials,2026-06-23,329.47,335.37,327.21,334.14,7582200
583,JPM,Financials,2026-06-24,333.07,334.53,329.77,333.45,7907400
584,JPM,Financials,2026-06-25,334.96,343.45,334.76,335.12,10043100
585,JPM,Financials,2026-06-26,336.00,336.40,327.50,329.05,17640900
586,JPM,Financials,2026-06-29,328.28,332.39,327.20,329.39,7981800
587,JPM,Financials,2026-06-30,328.89,330.44,326.68,327.33,8080100
588,JPM,Financials,2026-07-01,328.37,335.64,325.01,334.07,15210200
589,JPM,Financials,2026-07-02,338.02,340.00,331.77,334.47,8413900
590,JPM,Financials,2026-07-06,335.00,339.72,334.11,337.72,8673500
591,JPM,Financials,2026-07-07,340.98,341.40,337.09,339.22,7115800
592,JPM,Financials,2026-07-08,336.53,336.53,330.13,330.62,18505200
593,JPM,Financials,2026-07-09,331.46,337.00,330.81,335.47,15570600
594,JPM,Financials,2026-07-10,337.47,338.59,335.77,336.47,6299000
595,JPM,Financials,2026-07-13,338.34,338.35,332.50,334.53,7120300
596,JPM,Financials,2026-07-14,327.00,344.73,325.75,342.89,14537900
597,JPM,Financials,2026-07-15,345.85,351.24,344.05,346.91,10750000
598,JPM,Financials,2026-07-16,349.28,349.34,341.11,343.15,12432400
599,JPM,Financials,2026-07-17,339.03,346.13,335.05,341.10,9250900
600,JPM,Financials,2026-07-20,341.80,344.26,337.37,338.87,7723300
601,JPM,Financials,2026-07-21,340.12,345.74,337.30,345.23,6015300
602,JPM,Financials,2026-07-22,345.07,349.07,344.25,348.21,8040200
603,JPM,Financials,2026-07-23,346.58,349.92,345.42,349.90,10913000
604,JPM,Financials,2026-07-24,350.64,353.37,347.50,353.21,7520800
605,JPM,Financials,2026-07-27,357.89,359.05,352.58,356.20,7884900
606,JPM,Financials,2026-07-28,357.30,359.30,354.15,357.31,6533800
607,JPM,Financials,2026-07-29,356.50,357.37,343.78,344.71,8265300
608,JPM,Financials,2026-07-30,347.54,352.28,345.37,350.85,7606500
609,JPM,Financials,2026-07-31,353.30,354.47,349.70,351.79,6603400
610,JPM,Financials,2026-08-03,353.75,355.62,350.84,352.64,6436600
611,JPM,Financials,2026-08-04,355.00,363.00,353.87,357.52,8477200
612,JPM,Financials,2026-08-05,358.97,362.17,358.20,359.24,5269500
613,JPM,Financials,2026-08-06,362.81,362.81,354.95,356.30,5820100
614,JPM,Financials,2026-08-07,355.76,358.85,353.33,357.52,4566200
615,JPM,Financials,2026-08-10,357.96,359.99,356.50,359.79,5327500
616,JPM,Financials,2026-08-11,360.05,363.12,358.60,362.04,4576500
617,JPM,Financials,2026-08-12,362.97,366.09,361.30,365.18,4366800
618,JPM,Financials,2026-08-13,366.50,366.50,361.52,363.11,5102700
619,JPM,Financials,2026-08-14,363.00,365.90,361.45,362.84,5058600
620,JPM,Financials,2026-08-17,361.94,365.75,360.96,360.96,5282600
621,JPM,Financials,2026-08-18,362.34,363.57,359.27,363.25,5525100
622,JPM,Financials,2026-08-19,363.01,363.05,355.65,357.26,6696200
623,JPM,Financials,2026-08-20,357.60,357.95,351.55,351.55,6799700
624,JPM,Financials,2026-08-21,354.07,356.86,350.37,351.58,8112100
625,JPM,Financials,2026-08-24,353.30,358.28,352.82,356.39,4394400
626,JPM,Financials,2026-08-25,357.00,357.37,353.07,356.69,4298000
627,JPM,Financials,2026-08-26,356.50,358.35,354.60,356.50,5796500
628,JPM,Financials,2026-08-27,354.68,357.57,352.23,354.22,5209900
629,JPM,Financials,2026-08-28,355.67,358.73,354.22,357.62,3914500
630,JPM,Financials,2026-08-31,355.90,357.77,354.77,356.02,7962900
631,JPM,Financials,2026-09-01,355.73,359.93,354.12,354.95,5079000
632,JPM,Financials,2026-09-02,357.55,361.47,353.79,356.22,5341400
633,JPM,Financials,2026-09-03,358.68,362.85,356.39,362.06,5414200
634,JPM,Financials,2026-09-04,361.00,362.86,355.20,358.64,4873500
635,JPM,Financials,2026-09-08,357.10,358.55,353.23,353.51,5631400
636,V,Financials,2026-03-09,313.46,316.40,310.15,315.97,8381500
637,V,Financials,2026-03-10,315.43,317.13,311.45,314.43,5271300
638,V,Financials,2026-03-11,313.25,315.08,308.39,308.96,6376700
639,V,Financials,2026-03-12,308.14,310.95,306.02,306.50,7514900
640,V,Financials,2026-03-13,307.59,310.35,306.42,307.14,4814100
641,V,Financials,2026-03-16,307.85,311.13,307.38,310.11,6401200
642,V,Financials,2026-03-17,311.32,312.69,307.38,308.46,6872200
643,V,Financials,2026-03-18,307.41,307.94,298.50,299.02,7191700
644,V,Financials,2026-03-19,298.04,302.47,297.03,299.71,6826400
645,V,Financials,2026-03-20,299.85,302.92,299.01,301.62,14398100
646,V,Financials,2026-03-23,305.20,307.85,302.85,304.44,7824500
647,V,Financials,2026-03-24,302.00,306.04,300.62,303.76,5375900
648,V,Financials,2026-03-25,305.48,308.49,302.17,304.91,6280900
649,V,Financials,2026-03-26,304.16,307.87,303.00,305.53,7652700
650,V,Financials,2026-03-27,304.32,304.59,294.32,295.52,9974400
651,V,Financials,2026-03-30,298.73,300.68,295.89,299.54,9330300
652,V,Financials,2026-03-31,301.60,303.34,296.59,302.24,10246900
653,V,Financials,2026-04-01,305.05,305.05,293.89,298.51,7707600
654,V,Financials,2026-04-02,297.80,302.47,295.85,300.80,4376000
655,V,Financials,2026-04-06,300.74,304.42,299.46,303.33,5501000
656,V,Financials,2026-04-07,302.44,304.98,301.12,302.55,4413900
657,V,Financials,2026-04-08,307.73,311.08,307.70,308.96,6879300
658,V,Financials,2026-04-09,308.00,309.58,303.59,308.29,4811500
659,V,Financials,2026-04-10,308.71,309.00,303.51,304.36,5190000
660,V,Financials,2026-04-13,303.93,309.75,302.34,309.39,6787200
661,V,Financials,2026-04-14,308.47,312.12,307.49,311.37,5571000
662,V,Financials,2026-04-15,313.00,316.73,311.52,315.91,4831400
663,V,Financials,2026-04-16,316.35,318.00,314.57,315.10,5695800
664,V,Financials,2026-04-17,316.60,319.44,315.18,317.02,8082300
665,V,Financials,2026-04-20,316.40,317.55,312.35,313.94,5506800
666,V,Financials,2026-04-21,314.01,316.89,308.82,309.94,6806900
667,V,Financials,2026-04-22,311.01,311.36,308.06,311.29,5666600
668,V,Financials,2026-04-23,310.50,312.20,305.01,308.88,7275000
669,V,Financials,2026-04-24,307.10,309.98,304.50,309.42,5616900
670,V,Financials,2026-04-27,307.51,310.82,306.06,309.65,6261500
671,V,Financials,2026-04-28,312.20,313.96,308.74,309.30,8839900
672,V,Financials,2026-04-29,336.40,341.98,333.79,334.86,16658600
673,V,Financials,2026-04-30,332.12,332.50,328.08,329.84,11241100
674,V,Financials,2026-05-01,332.88,335.85,327.93,328.03,6726100
675,V,Financials,2026-05-04,328.00,329.79,325.40,326.85,6712400
676,V,Financials,2026-05-05,325.11,325.58,319.65,322.03,5893200
677,V,Financials,2026-05-06,323.75,324.58,318.00,318.80,7808400
678,V,Financials,2026-05-07,319.54,323.69,319.54,321.28,7186100
679,V,Financials,2026-05-08,320.99,321.07,316.16,318.79,5950200
680,V,Financials,2026-05-11,319.10,325.18,318.01,323.86,9586200
681,V,Financials,2026-05-12,324.32,328.91,324.20,326.42,6235200
682,V,Financials,2026-05-13,323.79,325.42,319.80,320.31,7950400
683,V,Financials,2026-05-14,321.37,323.33,320.25,322.52,5277400
684,V,Financials,2026-05-15,324.00,329.01,323.84,325.75,6054500
685,V,Financials,2026-05-18,324.43,333.43,323.77,332.64,5305800
686,V,Financials,2026-05-19,333.33,335.17,329.49,329.91,12858100
687,V,Financials,2026-05-20,330.09,331.66,326.82,330.75,9422500
688,V,Financials,2026-05-21,329.84,332.52,327.24,331.12,7034500
689,V,Financials,2026-05-22,330.52,333.43,328.82,328.88,7462100
690,V,Financials,2026-05-26,326.46,328.50,324.51,326.48,8705100
691,V,Financials,2026-05-27,325.83,331.46,325.66,327.61,5917400
692,V,Financials,2026-05-28,326.01,327.08,320.90,324.95,8105400
693,V,Financials,2026-05-29,325.50,331.67,325.35,326.36,14104500
694,V,Financials,2026-06-01,327.26,327.86,318.68,322.77,10079300
695,V,Financials,2026-06-02,322.51,323.50,313.39,317.32,10125300
696,V,Financials,2026-06-03,317.65,317.65,309.00,312.40,8992800
697,V,Financials,2026-06-04,316.79,324.76,316.70,320.18,6981700
698,V,Financials,2026-06-05,322.40,325.98,320.97,323.57,7176300
699,V,Financials,2026-06-08,321.35,323.92,318.43,319.67,5582000
700,V,Financials,2026-06-09,318.66,325.49,317.00,325.05,6340400
701,V,Financials,2026-06-10,326.62,326.90,320.18,322.96,5793100
702,V,Financials,2026-06-11,322.00,323.71,317.96,319.05,5958900
703,V,Financials,2026-06-12,321.76,325.93,319.80,322.39,5543200
704,V,Financials,2026-06-15,323.36,326.44,322.75,323.82,6803000
705,V,Financials,2026-06-16,325.69,333.29,324.38,333.12,9248400
706,V,Financials,2026-06-17,333.50,336.82,329.97,330.38,6895200
707,V,Financials,2026-06-18,331.00,332.33,327.00,327.24,14716700
708,V,Financials,2026-06-22,328.33,333.00,325.86,326.60,15132400
709,V,Financials,2026-06-23,328.82,331.28,328.09,328.48,11113400
710,V,Financials,2026-06-24,329.00,334.80,327.22,332.23,8197200
711,V,Financials,2026-06-25,332.56,339.94,330.07,330.52,7050200
712,V,Financials,2026-06-26,332.24,339.72,331.44,336.23,16717400
713,V,Financials,2026-06-29,338.27,345.81,338.27,341.65,11710900
714,V,Financials,2026-06-30,341.76,344.29,339.08,343.09,7957900
715,V,Financials,2026-07-01,344.56,353.36,340.98,351.08,13025900
716,V,Financials,2026-07-02,352.51,362.13,352.51,362.13,9814800
717,V,Financials,2026-07-06,363.00,365.02,348.85,357.25,11623800
718,V,Financials,2026-07-07,348.39,356.08,346.92,352.20,7332500
719,V,Financials,2026-07-08,350.30,351.60,345.69,347.53,10215200
720,V,Financials,2026-07-09,345.30,348.50,344.42,348.20,6606300
721,V,Financials,2026-07-10,350.63,351.17,345.33,348.97,4702800
722,V,Financials,2026-07-13,351.73,359.49,351.05,357.75,9964600
723,V,Financials,2026-07-14,355.77,359.94,353.68,356.02,6632400
724,V,Financials,2026-07-15,354.00,360.43,349.12,355.14,8850000
725,V,Financials,2026-07-16,358.04,365.14,357.11,365.14,9073200
726,V,Financials,2026-07-17,363.57,364.63,357.00,358.56,7400400
727,V,Financials,2026-07-20,357.10,363.00,356.43,360.57,7616800
728,V,Financials,2026-07-21,356.99,359.12,354.69,355.82,6027300
729,V,Financials,2026-07-22,356.57,357.53,352.27,353.42,4622200
730,V,Financials,2026-07-23,352.05,352.05,348.50,351.60,4183300
731,V,Financials,2026-07-24,353.47,355.84,351.05,355.74,4482800
732,V,Financials,2026-07-27,359.35,363.66,358.25,362.53,6631100
733,V,Financials,2026-07-28,365.06,371.16,362.73,366.59,11061900
734,V,Financials,2026-07-29,357.00,373.97,355.48,368.73,11289900
735,V,Financials,2026-07-30,365.00,367.00,360.75,366.27,8391400
736,V,Financials,2026-07-31,363.76,366.88,360.10,366.13,7828400
737,V,Financials,2026-08-03,368.50,371.97,364.35,365.67,5521300
738,V,Financials,2026-08-04,361.76,371.11,360.09,369.59,7497500
739,V,Financials,2026-08-05,372.30,372.40,366.72,368.54,6065300
740,V,Financials,2026-08-06,369.57,371.10,365.25,370.47,5022300
741,V,Financials,2026-08-07,368.51,370.25,361.52,362.50,5112500
742,V,Financials,2026-08-10,362.00,364.17,358.87,361.32,7552200
743,V,Financials,2026-08-11,360.98,364.55,359.97,362.82,4440900
744,V,Financials,2026-08-12,361.00,363.35,358.31,359.42,3794200
745,V,Financials,2026-08-13,363.70,365.45,358.71,365.45,8142600
746,V,Financials,2026-08-14,365.89,366.80,362.76,364.15,8106900
747,V,Financials,2026-08-17,362.84,363.56,358.52,358.84,15543400
748,V,Financials,2026-08-18,359.62,365.91,358.05,364.25,6820300
749,V,Financials,2026-08-19,364.09,370.64,362.90,365.54,5866400
750,V,Financials,2026-08-20,365.10,368.93,363.63,365.73,6151500
751,V,Financials,2026-08-21,367.87,371.80,366.66,371.04,6667100
752,V,Financials,2026-08-24,373.26,383.43,372.21,382.41,8477500
753,V,Financials,2026-08-25,381.21,384.20,380.27,384.14,6777600
754,V,Financials,2026-08-26,384.14,385.57,381.08,383.90,6075100
755,V,Financials,2026-08-27,381.14,381.77,378.50,379.66,6641500
756,V,Financials,2026-08-28,380.30,383.68,379.03,381.60,4643000
757,V,Financials,2026-08-31,381.35,382.48,378.80,379.37,6744800
758,V,Financials,2026-09-01,379.65,380.75,372.22,372.67,5857400
759,V,Financials,2026-09-02,374.01,380.17,374.01,378.40,5599900
760,V,Financials,2026-09-03,380.17,382.21,376.86,378.75,3869500
761,V,Financials,2026-09-04,374.89,377.50,373.64,375.07,4645100
762,V,Financials,2026-09-08,371.60,373.50,367.44,368.64,4929000
763,AMZN,Consumer Discretionary,2026-03-09,210.45,213.82,207.11,213.49,54642900
764,AMZN,Consumer Discretionary,2026-03-10,214.19,215.65,212.43,214.33,35678800
765,AMZN,Consumer Discretionary,2026-03-11,215.71,217.00,211.35,212.65,34199300
766,AMZN,Consumer Discretionary,2026-03-12,210.39,211.71,208.15,209.53,44349500
767,AMZN,Consumer Discretionary,2026-03-13,209.61,210.56,206.22,207.67,35662100
768,AMZN,Consumer Discretionary,2026-03-16,208.35,212.72,207.45,211.74,42209300
769,AMZN,Consumer Discretionary,2026-03-17,212.82,215.70,212.43,215.20,44969900
770,AMZN,Consumer Discretionary,2026-03-18,213.93,215.14,208.83,209.87,37846600
771,AMZN,Consumer Discretionary,2026-03-19,207.06,209.12,206.05,208.76,36440600
772,AMZN,Consumer Discretionary,2026-03-20,207.40,207.54,204.32,205.37,63694600
773,AMZN,Consumer Discretionary,2026-03-23,209.79,212.80,209.51,210.14,44277400
774,AMZN,Consumer Discretionary,2026-03-24,207.95,209.35,206.64,207.24,35351400
775,AMZN,Consumer Discretionary,2026-03-25,211.56,213.07,209.90,211.71,36388800
776,AMZN,Consumer Discretionary,2026-03-26,210.61,212.89,207.12,207.54,46746000
777,AMZN,Consumer Discretionary,2026-03-27,206.46,206.60,199.14,199.34,56009800
778,AMZN,Consumer Discretionary,2026-03-30,201.48,203.80,199.98,200.95,46373800
779,AMZN,Consumer Discretionary,2026-03-31,204.85,210.28,204.14,208.27,58470100
780,AMZN,Consumer Discretionary,2026-04-01,210.44,213.58,208.19,210.57,45955400
781,AMZN,Consumer Discretionary,2026-04-02,206.54,212.21,204.90,209.77,31453000
782,AMZN,Consumer Discretionary,2026-04-06,209.80,212.95,209.59,212.79,25385500
783,AMZN,Consumer Discretionary,2026-04-07,211.24,213.97,209.08,213.77,28154600
784,AMZN,Consumer Discretionary,2026-04-08,223.79,226.10,219.62,221.25,51092700
785,AMZN,Consumer Discretionary,2026-04-09,225.23,233.80,223.27,233.65,65964200
786,AMZN,Consumer Discretionary,2026-04-10,235.30,240.43,235.21,238.38,56912800
787,AMZN,Consumer Discretionary,2026-04-13,237.45,240.00,235.75,239.89,42166200
788,AMZN,Consumer Discretionary,2026-04-14,241.78,252.18,241.78,249.02,72685000
789,AMZN,Consumer Discretionary,2026-04-15,249.25,250.44,247.20,248.50,43045200
790,AMZN,Consumer Discretionary,2026-04-16,248.51,250.00,244.20,249.70,41895700
791,AMZN,Consumer Discretionary,2026-04-17,254.99,256.18,250.11,250.56,52029300
792,AMZN,Consumer Discretionary,2026-04-20,249.19,250.18,245.37,248.28,39463100
793,AMZN,Consumer Discretionary,2026-04-21,255.09,255.09,249.10,249.91,42922400
794,AMZN,Consumer Discretionary,2026-04-22,252.44,255.94,250.33,255.36,36065100
795,AMZN,Consumer Discretionary,2026-04-23,255.39,258.79,253.07,255.08,39091400
796,AMZN,Consumer Discretionary,2026-04-24,259.98,264.50,257.69,263.99,53777400
797,AMZN,Consumer Discretionary,2026-04-27,263.46,264.15,260.34,261.12,44906800
798,AMZN,Consumer Discretionary,2026-04-28,258.39,261.03,256.63,259.70,42204400
799,AMZN,Consumer Discretionary,2026-04-29,257.99,265.91,257.70,263.04,72367900
800,AMZN,Consumer Discretionary,2026-04-30,273.17,273.88,256.16,265.06,100974900
801,AMZN,Consumer Discretionary,2026-05-01,265.58,273.32,262.74,268.26,50825200
802,AMZN,Consumer Discretionary,2026-05-04,268.80,276.10,268.80,272.05,49083700
803,AMZN,Consumer Discretionary,2026-05-05,276.08,278.56,272.38,273.55,41908500
804,AMZN,Consumer Discretionary,2026-05-06,272.89,277.80,272.21,274.99,44552000
805,AMZN,Consumer Discretionary,2026-05-07,275.02,276.63,270.49,271.17,35892900
806,AMZN,Consumer Discretionary,2026-05-08,271.63,274.00,269.95,272.68,34732700
807,AMZN,Consumer Discretionary,2026-05-11,269.84,273.63,268.48,268.99,38176700
808,AMZN,Consumer Discretionary,2026-05-12,266.71,267.65,262.63,265.82,36776200
809,AMZN,Consumer Discretionary,2026-05-13,264.43,270.72,263.20,270.13,39670900
810,AMZN,Consumer Discretionary,2026-05-14,269.15,270.78,266.63,267.22,31338400
811,AMZN,Consumer Discretionary,2026-05-15,262.50,264.36,260.89,264.14,40770300
812,AMZN,Consumer Discretionary,2026-05-18,263.87,268.85,262.53,264.86,33690800
813,AMZN,Consumer Discretionary,2026-05-19,262.04,262.25,255.19,259.34,40340700
814,AMZN,Consumer Discretionary,2026-05-20,260.05,265.58,259.53,265.01,34933200
815,AMZN,Consumer Discretionary,2026-05-21,263.50,269.49,261.37,268.46,36591700
816,AMZN,Consumer Discretionary,2026-05-22,268.66,269.79,266.24,266.32,27535500
817,AMZN,Consumer Discretionary,2026-05-26,267.94,269.30,262.07,265.29,38028100
818,AMZN,Consumer Discretionary,2026-05-27,266.15,272.41,265.70,271.85,40061900
819,AMZN,Consumer Discretionary,2026-05-28,272.27,274.50,267.44,274.00,40630400
820,AMZN,Consumer Discretionary,2026-05-29,271.29,274.75,269.64,270.64,54749600
821,AMZN,Consumer Discretionary,2026-06-01,266.29,266.63,260.70,261.26,53604400
822,AMZN,Consumer Discretionary,2026-06-02,257.16,261.20,254.37,256.52,41811000
823,AMZN,Consumer Discretionary,2026-06-03,254.70,257.09,247.71,250.02,51394200
824,AMZN,Consumer Discretionary,2026-06-04,253.12,255.83,251.75,253.79,35609800
825,AMZN,Consumer Discretionary,2026-06-05,254.26,256.38,245.78,246.03,55607800
826,AMZN,Consumer Discretionary,2026-06-08,246.68,249.42,243.36,245.22,33899500
827,AMZN,Consumer Discretionary,2026-06-09,247.73,250.43,240.40,244.19,44425400
828,AMZN,Consumer Discretionary,2026-06-10,243.61,244.07,237.45,238.00,38590200
829,AMZN,Consumer Discretionary,2026-06-11,237.93,242.14,235.18,241.51,41335400
830,AMZN,Consumer Discretionary,2026-06-12,243.21,243.36,233.59,238.55,51186600
831,AMZN,Consumer Discretionary,2026-06-15,245.02,247.81,244.73,246.02,41711600
832,AMZN,Consumer Discretionary,2026-06-16,248.00,249.51,245.45,246.00,35187400
833,AMZN,Consumer Discretionary,2026-06-17,244.90,245.91,236.00,237.50,44780800
834,AMZN,Consumer Discretionary,2026-06-18,240.12,245.73,236.02,244.39,75624400
835,AMZN,Consumer Discretionary,2026-06-22,240.08,242.00,232.24,232.79,68388500
836,AMZN,Consumer Discretionary,2026-06-23,232.55,236.87,232.00,234.11,60492600
837,AMZN,Consumer Discretionary,2026-06-24,233.85,242.42,232.95,234.27,70282600
838,AMZN,Consumer Discretionary,2026-06-25,232.02,232.32,225.55,227.01,77674100
839,AMZN,Consumer Discretionary,2026-06-26,227.21,233.90,226.13,232.69,248372100
840,AMZN,Consumer Discretionary,2026-06-29,234.22,249.71,233.80,240.14,77619200
841,AMZN,Consumer Discretionary,2026-06-30,237.35,241.54,237.17,238.34,66228300
842,AMZN,Consumer Discretionary,2026-07-01,239.75,244.90,234.90,241.70,53829900
843,AMZN,Consumer Discretionary,2026-07-02,241.61,246.72,241.08,242.67,48246400
844,AMZN,Consumer Discretionary,2026-07-06,243.80,246.04,240.88,244.16,40044000
845,AMZN,Consumer Discretionary,2026-07-07,246.98,248.93,242.70,245.98,40579600
846,AMZN,Consumer Discretionary,2026-07-08,244.27,244.80,240.52,243.62,29653000
847,AMZN,Consumer Discretionary,2026-07-09,239.82,247.50,238.25,247.04,38091700
848,AMZN,Consumer Discretionary,2026-07-10,249.55,251.03,244.41,245.34,31654000
849,AMZN,Consumer Discretionary,2026-07-13,244.68,249.65,244.18,247.31,34636100
850,AMZN,Consumer Discretionary,2026-07-14,245.55,248.56,243.80,247.49,30108100
851,AMZN,Consumer Discretionary,2026-07-15,249.75,256.48,249.75,254.96,45240600
852,AMZN,Consumer Discretionary,2026-07-16,255.12,258.08,248.00,249.89,45343700
853,AMZN,Consumer Discretionary,2026-07-17,244.46,250.24,243.59,247.23,43572400
854,AMZN,Consumer Discretionary,2026-07-20,248.76,252.89,248.00,249.99,32406500
855,AMZN,Consumer Discretionary,2026-07-21,249.11,249.34,246.42,247.55,27732100
856,AMZN,Consumer Discretionary,2026-07-22,248.27,248.45,242.45,244.85,34112700
857,AMZN,Consumer Discretionary,2026-07-23,236.26,238.35,232.05,233.66,47465300
858,AMZN,Consumer Discretionary,2026-07-24,234.38,234.95,231.34,232.11,35017400
859,AMZN,Consumer Discretionary,2026-07-27,235.67,235.89,230.99,231.39,34999500
860,AMZN,Consumer Discretionary,2026-07-28,232.85,233.11,228.10,230.86,44521600
861,AMZN,Consumer Discretionary,2026-07-29,229.32,232.82,226.16,226.65,44957500
862,AMZN,Consumer Discretionary,2026-07-30,233.35,239.82,231.06,235.50,101839800
863,AMZN,Consumer Discretionary,2026-07-31,265.00,273.23,262.01,271.58,129054800
864,AMZN,Consumer Discretionary,2026-08-03,278.29,287.20,278.00,284.02,90830200
865,AMZN,Consumer Discretionary,2026-08-04,276.06,281.07,275.82,277.42,69748100
866,AMZN,Consumer Discretionary,2026-08-05,281.59,282.79,270.73,272.65,45119800
867,AMZN,Consumer Discretionary,2026-08-06,272.77,275.48,271.06,272.26,30672900
868,AMZN,Consumer Discretionary,2026-08-07,272.87,278.31,272.75,274.48,33861400
869,AMZN,Consumer Discretionary,2026-08-10,274.01,280.14,273.60,278.09,35731900
870,AMZN,Consumer Discretionary,2026-08-11,278.69,278.84,271.36,272.27,31895700
871,AMZN,Consumer Discretionary,2026-08-12,273.18,273.46,267.10,267.28,29941100
872,AMZN,Consumer Discretionary,2026-08-13,267.24,269.58,264.71,265.13,32170200
873,AMZN,Consumer Discretionary,2026-08-14,264.88,265.81,262.42,262.65,27251700
874,AMZN,Consumer Discretionary,2026-08-17,265.44,265.75,258.34,261.31,43896500
875,AMZN,Consumer Discretionary,2026-08-18,260.63,262.18,257.73,259.45,33171300
876,AMZN,Consumer Discretionary,2026-08-19,260.85,266.40,258.58,265.84,35762400
877,AMZN,Consumer Discretionary,2026-08-20,263.16,263.84,259.52,260.11,28374100
878,AMZN,Consumer Discretionary,2026-08-21,260.74,261.09,257.04,258.63,35723000
879,AMZN,Consumer Discretionary,2026-08-24,259.60,263.32,259.05,262.07,28070500
880,AMZN,Consumer Discretionary,2026-08-25,262.51,263.89,259.83,261.06,25550200
881,AMZN,Consumer Discretionary,2026-08-26,261.28,262.05,258.24,260.28,21528400
882,AMZN,Consumer Discretionary,2026-08-27,259.23,259.66,255.02,256.26,35927800
883,AMZN,Consumer Discretionary,2026-08-28,258.32,267.56,257.78,266.43,49547400
884,AMZN,Consumer Discretionary,2026-08-31,263.83,264.36,257.12,259.77,46089400
885,AMZN,Consumer Discretionary,2026-09-01,254.83,255.82,251.93,254.92,31700100
886,AMZN,Consumer Discretionary,2026-09-02,254.26,256.24,253.40,254.98,24013300
887,AMZN,Consumer Discretionary,2026-09-03,256.20,259.50,256.00,258.90,26891500
888,AMZN,Consumer Discretionary,2026-09-04,259.07,261.12,255.29,258.51,30749900
889,AMZN,Consumer Discretionary,2026-09-08,256.68,257.99,254.75,256.97,29349000
890,DIS,Consumer Discretionary,2026-03-09,100.55,101.87,98.45,101.66,11715100
891,DIS,Consumer Discretionary,2026-03-10,101.75,102.24,100.24,101.32,7833100
892,DIS,Consumer Discretionary,2026-03-11,101.40,101.89,100.40,100.89,8152800
893,DIS,Consumer Discretionary,2026-03-12,100.10,100.88,99.37,99.43,10309400
894,DIS,Consumer Discretionary,2026-03-13,99.83,100.77,99.16,99.29,9551500
895,DIS,Consumer Discretionary,2026-03-16,99.47,99.69,98.46,98.66,11578500
896,DIS,Consumer Discretionary,2026-03-17,99.17,100.71,99.02,100.30,11785600
897,DIS,Consumer Discretionary,2026-03-18,99.84,101.02,99.00,99.42,12615100
898,DIS,Consumer Discretionary,2026-03-19,99.03,100.78,98.44,99.20,14793800
899,DIS,Consumer Discretionary,2026-03-20,99.01,100.03,98.39,99.51,27544200
900,DIS,Consumer Discretionary,2026-03-23,100.22,100.60,97.86,97.95,11373000
901,DIS,Consumer Discretionary,2026-03-24,97.74,98.05,96.25,96.39,9155700
902,DIS,Consumer Discretionary,2026-03-25,96.82,97.18,95.06,95.95,8467500
903,DIS,Consumer Discretionary,2026-03-26,95.12,96.40,94.59,94.75,8548800
904,DIS,Consumer Discretionary,2026-03-27,94.19,94.19,92.19,92.42,12475900
905,DIS,Consumer Discretionary,2026-03-30,92.89,95.19,92.89,94.32,10592600
906,DIS,Consumer Discretionary,2026-03-31,95.34,96.89,94.19,96.38,11180200
907,DIS,Consumer Discretionary,2026-04-01,97.26,98.36,96.49,96.56,8518600
908,DIS,Consumer Discretionary,2026-04-02,96.00,97.17,95.09,96.61,6379100
909,DIS,Consumer Discretionary,2026-04-06,96.50,97.16,96.12,96.28,5882200
910,DIS,Consumer Discretionary,2026-04-07,95.80,96.79,95.33,95.78,7913000
911,DIS,Consumer Discretionary,2026-04-08,98.10,99.19,97.69,99.18,10821000
912,DIS,Consumer Discretionary,2026-04-09,98.66,100.23,97.68,99.79,8918300
913,DIS,Consumer Discretionary,2026-04-10,99.84,100.16,98.82,99.17,6359600
914,DIS,Consumer Discretionary,2026-04-13,98.53,101.27,98.53,101.18,6790300
915,DIS,Consumer Discretionary,2026-04-14,101.34,103.10,100.90,102.59,9997400
916,DIS,Consumer Discretionary,2026-04-15,102.60,103.38,101.79,103.04,7035300
917,DIS,Consumer Discretionary,2026-04-16,103.62,104.53,102.78,103.90,8145900
918,DIS,Consumer Discretionary,2026-04-17,104.69,106.33,104.69,106.29,10506200
919,DIS,Consumer Discretionary,2026-04-20,105.91,107.11,105.91,106.30,6423400
920,DIS,Consumer Discretionary,2026-04-21,106.19,106.88,103.97,104.29,7784500
921,DIS,Consumer Discretionary,2026-04-22,105.03,106.28,104.23,104.82,6886600
922,DIS,Consumer Discretionary,2026-04-23,104.94,105.20,102.55,103.65,6147000
923,DIS,Consumer Discretionary,2026-04-24,103.60,103.64,101.97,102.60,5974500
924,DIS,Consumer Discretionary,2026-04-27,102.62,103.81,102.06,102.35,6524300
925,DIS,Consumer Discretionary,2026-04-28,102.66,103.29,100.61,101.47,6409300
926,DIS,Consumer Discretionary,2026-04-29,100.94,101.48,100.60,101.30,5533700
927,DIS,Consumer Discretionary,2026-04-30,100.91,104.12,100.42,103.75,9203500
928,DIS,Consumer Discretionary,2026-05-01,104.40,104.83,102.97,103.08,5956900
929,DIS,Consumer Discretionary,2026-05-04,102.74,103.05,101.27,101.31,8400100
930,DIS,Consumer Discretionary,2026-05-05,101.53,101.73,100.06,100.48,14314700
931,DIS,Consumer Discretionary,2026-05-06,106.52,109.14,105.31,108.06,23219500
932,DIS,Consumer Discretionary,2026-05-07,109.05,110.48,107.09,108.66,14309200
933,DIS,Consumer Discretionary,2026-05-08,109.03,109.21,107.54,108.02,8370000
934,DIS,Consumer Discretionary,2026-05-11,108.00,108.39,104.38,104.72,10562300
935,DIS,Consumer Discretionary,2026-05-12,104.99,106.27,104.22,106.16,8178500
936,DIS,Consumer Discretionary,2026-05-13,105.35,105.88,103.86,104.90,7605900
937,DIS,Consumer Discretionary,2026-05-14,105.54,106.29,104.85,105.42,6144600
938,DIS,Consumer Discretionary,2026-05-15,105.03,105.42,102.30,102.72,9258600
939,DIS,Consumer Discretionary,2026-05-18,102.69,104.70,102.55,103.91,9037200
940,DIS,Consumer Discretionary,2026-05-19,103.71,103.93,101.97,102.29,7032600
941,DIS,Consumer Discretionary,2026-05-20,102.91,104.86,101.60,104.08,7941400
942,DIS,Consumer Discretionary,2026-05-21,103.61,104.62,102.59,103.58,8611200
943,DIS,Consumer Discretionary,2026-05-22,104.04,104.50,102.98,103.00,5693300
944,DIS,Consumer Discretionary,2026-05-26,103.10,103.80,102.35,103.28,6714400
945,DIS,Consumer Discretionary,2026-05-27,103.30,105.25,103.26,104.18,7360100
946,DIS,Consumer Discretionary,2026-05-28,103.81,104.41,103.10,103.73,6511100
947,DIS,Consumer Discretionary,2026-05-29,103.63,103.76,101.83,101.83,13340300
948,DIS,Consumer Discretionary,2026-06-01,101.66,103.01,100.30,102.85,8219000
949,DIS,Consumer Discretionary,2026-06-02,102.35,102.49,100.09,101.41,8397400
950,DIS,Consumer Discretionary,2026-06-03,100.44,101.27,99.25,99.39,7471600
951,DIS,Consumer Discretionary,2026-06-04,100.54,101.47,99.01,99.34,9568000
952,DIS,Consumer Discretionary,2026-06-05,99.68,100.20,99.09,99.71,9501600
953,DIS,Consumer Discretionary,2026-06-08,99.52,99.84,98.41,98.87,7559200
954,DIS,Consumer Discretionary,2026-06-09,99.05,100.09,98.51,99.33,8616300
955,DIS,Consumer Discretionary,2026-06-10,99.49,99.76,97.95,98.61,7041400
956,DIS,Consumer Discretionary,2026-06-11,98.83,100.74,98.10,100.34,9264400
957,DIS,Consumer Discretionary,2026-06-12,101.06,101.77,99.54,100.04,8257200
958,DIS,Consumer Discretionary,2026-06-15,100.88,102.40,100.59,101.69,10265100
959,DIS,Consumer Discretionary,2026-06-16,101.43,101.93,100.05,101.28,10694600
960,DIS,Consumer Discretionary,2026-06-17,100.67,102.36,100.44,100.86,11168700
961,DIS,Consumer Discretionary,2026-06-18,101.80,104.22,100.80,103.89,22943600
962,DIS,Consumer Discretionary,2026-06-22,103.41,104.31,101.51,102.45,17396300
963,DIS,Consumer Discretionary,2026-06-23,102.02,104.04,101.80,103.53,14457400
964,DIS,Consumer Discretionary,2026-06-24,103.10,104.53,101.04,101.12,12215500
965,DIS,Consumer Discretionary,2026-06-25,101.11,101.58,97.99,98.05,12054400
966,DIS,Consumer Discretionary,2026-06-26,98.05,99.45,97.90,98.79,13921400
967,DIS,Consumer Discretionary,2026-06-29,99.71,100.04,98.50,98.63,10418100
968,DIS,Consumer Discretionary,2026-06-30,97.41,97.60,95.99,96.25,12717800
969,DIS,Consumer Discretionary,2026-07-01,96.55,97.76,95.65,95.71,11590400
970,DIS,Consumer Discretionary,2026-07-02,96.40,99.52,95.77,99.50,11297800
971,DIS,Consumer Discretionary,2026-07-06,98.85,99.44,97.02,97.41,10171900
972,DIS,Consumer Discretionary,2026-07-07,98.14,99.04,96.92,97.48,9936400
973,DIS,Consumer Discretionary,2026-07-08,97.30,97.66,96.64,96.70,8720800
974,DIS,Consumer Discretionary,2026-07-09,96.34,96.55,94.78,96.17,11448100
975,DIS,Consumer Discretionary,2026-07-10,96.89,97.05,95.52,95.62,10678900
976,DIS,Consumer Discretionary,2026-07-13,96.10,97.54,95.83,96.00,9304200
977,DIS,Consumer Discretionary,2026-07-14,95.51,96.69,95.13,95.87,7651600
978,DIS,Consumer Discretionary,2026-07-15,96.10,97.90,96.10,97.15,10219200
979,DIS,Consumer Discretionary,2026-07-16,97.28,99.85,97.28,99.71,7480000
980,DIS,Consumer Discretionary,2026-07-17,99.01,99.79,97.05,97.67,10496500
981,DIS,Consumer Discretionary,2026-07-20,97.85,98.39,96.00,96.41,9861700
982,DIS,Consumer Discretionary,2026-07-21,96.00,96.89,95.84,96.14,9745400
983,DIS,Consumer Discretionary,2026-07-22,97.12,97.30,95.65,95.87,9119200
984,DIS,Consumer Discretionary,2026-07-23,94.81,94.82,92.49,92.83,13562500
985,DIS,Consumer Discretionary,2026-07-24,93.26,96.29,93.00,94.85,12153100
986,DIS,Consumer Discretionary,2026-07-27,95.51,97.19,95.51,96.65,10593900
987,DIS,Consumer Discretionary,2026-07-28,97.00,99.23,96.97,98.89,11389300
988,DIS,Consumer Discretionary,2026-07-29,98.34,99.41,97.99,98.48,11070100
989,DIS,Consumer Discretionary,2026-07-30,97.41,97.48,94.46,96.16,21112400
990,DIS,Consumer Discretionary,2026-07-31,96.08,96.59,95.60,96.19,11193000
991,DIS,Consumer Discretionary,2026-08-03,97.62,99.05,97.21,98.14,11480300
992,DIS,Consumer Discretionary,2026-08-04,97.87,98.57,97.38,98.18,16796800
993,DIS,Consumer Discretionary,2026-08-05,101.99,103.21,99.69,101.76,20809000
994,DIS,Consumer Discretionary,2026-08-06,102.54,104.73,102.52,104.68,14047200
995,DIS,Consumer Discretionary,2026-08-07,104.42,105.25,103.70,104.91,10929700
996,DIS,Consumer Discretionary,2026-08-10,104.61,104.80,102.80,103.18,8631900
997,DIS,Consumer Discretionary,2026-08-11,102.95,104.09,102.79,103.53,6781600
998,DIS,Consumer Discretionary,2026-08-12,103.29,103.68,102.03,103.22,6717500
999,DIS,Consumer Discretionary,2026-08-13,103.80,104.94,103.46,104.80,7100000
1000,DIS,Consumer Discretionary,2026-08-14,104.99,107.11,104.91,106.85,8176900
1001,DIS,Consumer Discretionary,2026-08-17,106.33,106.64,103.46,103.50,7635000
1002,DIS,Consumer Discretionary,2026-08-18,104.19,105.21,103.63,103.95,6149900
1003,DIS,Consumer Discretionary,2026-08-19,104.06,107.06,103.96,106.93,8046100
1004,DIS,Consumer Discretionary,2026-08-20,106.88,108.69,106.42,107.32,7971500
1005,DIS,Consumer Discretionary,2026-08-21,107.57,108.41,106.97,107.78,6840800
1006,DIS,Consumer Discretionary,2026-08-24,108.39,111.87,108.08,110.61,12658400
1007,DIS,Consumer Discretionary,2026-08-25,110.50,111.60,109.76,111.25,6747100
1008,DIS,Consumer Discretionary,2026-08-26,111.30,111.52,109.45,109.63,8524600
1009,DIS,Consumer Discretionary,2026-08-27,108.78,108.87,106.74,106.82,8699500
1010,DIS,Consumer Discretionary,2026-08-28,107.25,108.20,107.03,108.10,5465900
1011,DIS,Consumer Discretionary,2026-08-31,107.78,108.09,106.97,107.55,8728700
1012,DIS,Consumer Discretionary,2026-09-01,107.24,108.95,106.14,106.22,7033700
1013,DIS,Consumer Discretionary,2026-09-02,106.71,108.99,106.33,107.98,7555300
1014,DIS,Consumer Discretionary,2026-09-03,108.62,109.20,106.90,107.16,6241300
1015,DIS,Consumer Discretionary,2026-09-04,106.49,106.88,105.17,105.31,6103700
1016,DIS,Consumer Discretionary,2026-09-08,104.68,105.11,103.71,105.06,7395400
1017,XOM,Energy,2026-03-09,152.02,153.89,149.47,150.44,25532700
1018,XOM,Energy,2026-03-10,149.25,150.40,147.70,148.13,19617600
1019,XOM,Energy,2026-03-11,147.99,151.81,147.66,151.58,15297400
1020,XOM,Energy,2026-03-12,152.27,155.00,151.63,153.53,26054000
1021,XOM,Energy,2026-03-13,154.30,156.89,152.98,156.12,22414100
1022,XOM,Energy,2026-03-16,156.00,157.78,154.76,157.23,22835600
1023,XOM,Energy,2026-03-17,158.25,160.45,156.80,158.81,21592200
1024,XOM,Energy,2026-03-18,159.66,160.18,157.53,157.59,18947100
1025,XOM,Energy,2026-03-19,158.26,159.56,154.84,158.16,27082700
1026,XOM,Energy,2026-03-20,159.35,162.44,159.10,159.67,53942100
1027,XOM,Energy,2026-03-23,156.12,161.42,155.02,161.13,25021300
1028,XOM,Energy,2026-03-24,161.71,167.48,161.25,165.38,26131800
1029,XOM,Energy,2026-03-25,163.87,165.00,162.93,163.26,17192300
1030,XOM,Energy,2026-03-26,164.09,165.68,162.06,165.43,18625200
1031,XOM,Energy,2026-03-27,165.58,171.23,164.80,170.99,30338300
1032,XOM,Energy,2026-03-30,172.51,176.41,171.05,171.47,29813500
1033,XOM,Energy,2026-03-31,172.67,174.38,165.97,169.66,32006700
1034,XOM,Energy,2026-04-01,165.77,168.00,159.53,160.78,37927600
1035,XOM,Energy,2026-04-02,164.49,166.90,159.59,160.69,25377700
1036,XOM,Energy,2026-04-06,160.57,163.75,159.53,163.37,16344300
1037,XOM,Energy,2026-04-07,164.22,166.24,161.77,163.91,25227500
1038,XOM,Energy,2026-04-08,153.52,156.35,150.98,156.22,31311200
1039,XOM,Energy,2026-04-09,156.86,159.23,154.31,155.04,25868400
1040,XOM,Energy,2026-04-10,154.04,155.12,151.92,152.51,21065000
1041,XOM,Energy,2026-04-13,154.27,154.62,151.28,152.64,18685600
1042,XOM,Energy,2026-04-14,150.07,150.11,146.72,149.24,18528200
1043,XOM,Energy,2026-04-15,148.60,150.23,146.90,149.01,15626500
1044,XOM,Energy,2026-04-16,149.53,152.78,149.35,151.98,15191000
1045,XOM,Energy,2026-04-17,144.86,146.80,141.97,146.44,28947400
1046,XOM,Energy,2026-04-20,147.38,149.37,146.35,147.68,16354400
1047,XOM,Energy,2026-04-21,147.37,148.81,146.24,148.36,17515900
1048,XOM,Energy,2026-04-22,149.37,150.68,148.18,149.50,13738700
1049,XOM,Energy,2026-04-23,149.85,151.23,148.50,150.53,12970400
1050,XOM,Energy,2026-04-24,149.64,150.30,146.95,148.91,13735900
1051,XOM,Energy,2026-04-27,149.16,151.18,147.97,148.19,13940800
1052,XOM,Energy,2026-04-28,151.53,152.31,149.83,150.56,15173600
1053,XOM,Energy,2026-04-29,152.02,154.95,151.01,154.67,14669100
1054,XOM,Energy,2026-04-30,152.43,155.69,151.34,154.33,22885900
1055,XOM,Energy,2026-05-01,152.61,155.01,151.13,152.75,15458200
1056,XOM,Energy,2026-05-04,152.67,154.47,149.52,153.69,14238500
1057,XOM,Energy,2026-05-05,153.10,155.29,152.41,154.88,12494600
1058,XOM,Energy,2026-05-06,149.07,150.33,147.09,148.69,20527000
1059,XOM,Energy,2026-05-07,146.80,147.08,144.19,146.58,22509400
1060,XOM,Energy,2026-05-08,145.85,146.50,143.92,144.57,19550100
1061,XOM,Energy,2026-05-11,146.02,149.72,146.00,149.68,14849500
1062,XOM,Energy,2026-05-12,151.25,151.81,149.77,150.63,16443100
1063,XOM,Energy,2026-05-13,150.06,151.79,149.68,151.57,15772800
1064,XOM,Energy,2026-05-14,151.90,153.12,151.26,152.78,11331500
1065,XOM,Energy,2026-05-15,153.75,158.00,153.00,157.92,27882400
1066,XOM,Energy,2026-05-18,157.32,161.73,155.23,160.49,20065200
1067,XOM,Energy,2026-05-19,161.50,163.32,159.64,162.55,20715600
1068,XOM,Energy,2026-05-20,161.61,163.68,156.27,156.28,18509700
1069,XOM,Energy,2026-05-21,158.42,159.39,153.46,155.29,17061700
1070,XOM,Energy,2026-05-22,154.03,155.55,153.17,154.92,12948500
1071,XOM,Energy,2026-05-26,153.50,154.55,149.47,149.81,13057800
1072,XOM,Energy,2026-05-27,147.23,148.69,145.75,147.90,16241100
1073,XOM,Energy,2026-05-28,149.34,150.21,146.87,146.96,14012500
1074,XOM,Energy,2026-05-29,146.19,146.93,144.71,145.26,27959900
1075,XOM,Energy,2026-06-01,147.02,149.65,147.00,149.38,16732100
1076,XOM,Energy,2026-06-02,149.03,150.83,148.50,149.56,10462400
1077,XOM,Energy,2026-06-03,150.61,154.91,150.02,152.53,14373000
1078,XOM,Energy,2026-06-04,152.05,153.43,150.94,152.04,11799400
1079,XOM,Energy,2026-06-05,152.01,152.13,149.30,149.92,16584000
1080,XOM,Energy,2026-06-08,151.16,153.81,150.90,151.75,13870900
1081,XOM,Energy,2026-06-09,150.91,151.13,147.78,148.91,18163500
1082,XOM,Energy,2026-06-10,151.23,152.49,149.56,150.62,14596500
1083,XOM,Energy,2026-06-11,152.30,152.49,146.42,146.60,17285800
1084,XOM,Energy,2026-06-12,145.63,148.91,145.15,147.01,17713100
1085,XOM,Energy,2026-06-15,139.74,141.98,137.72,140.92,23631400
1086,XOM,Energy,2026-06-16,140.19,142.15,139.98,141.86,18925400
1087,XOM,Energy,2026-06-17,141.22,142.34,140.32,140.74,16663200
1088,XOM,Energy,2026-06-18,138.32,138.46,135.85,137.81,48063400
1089,XOM,Energy,2026-06-22,138.54,139.00,137.02,138.47,15783300
1090,XOM,Energy,2026-06-23,139.46,140.39,138.50,139.73,13699400
1091,XOM,Energy,2026-06-24,137.12,137.64,135.59,136.90,16212900
1092,XOM,Energy,2026-06-25,135.64,138.07,134.95,137.55,13288800
1093,XOM,Energy,2026-06-26,136.97,137.58,135.92,136.54,22684200
1094,XOM,Energy,2026-06-29,136.58,137.39,135.39,136.06,11972700
1095,XOM,Energy,2026-06-30,136.48,137.30,135.33,136.72,28784000
1096,XOM,Energy,2026-07-01,136.53,137.49,135.63,136.28,12433400
1097,XOM,Energy,2026-07-02,137.15,139.14,136.33,137.09,13703300
1098,XOM,Energy,2026-07-06,136.55,137.37,136.01,136.44,13915100
1099,XOM,Energy,2026-07-07,138.56,141.74,138.13,141.69,14667800
1100,XOM,Energy,2026-07-08,143.44,143.99,139.81,141.13,18291400
1101,XOM,Energy,2026-07-09,139.66,140.05,137.12,137.46,14110200
1102,XOM,Energy,2026-07-10,137.90,138.97,137.14,138.88,9753500
1103,XOM,Energy,2026-07-13,140.92,145.23,140.49,144.51,18724300
1104,XOM,Energy,2026-07-14,145.51,146.00,143.89,145.09,16096400
1105,XOM,Energy,2026-07-15,145.09,145.09,142.03,144.51,13444500
1106,XOM,Energy,2026-07-16,145.28,146.87,144.55,145.95,13518000
1107,XOM,Energy,2026-07-17,149.03,150.00,147.17,147.36,19031400
1108,XOM,Energy,2026-07-20,146.50,149.09,146.23,148.36,12149200
1109,XOM,Energy,2026-07-21,149.01,151.76,148.48,151.71,13145300
1110,XOM,Energy,2026-07-22,153.86,154.80,152.95,154.45,13788700
1111,XOM,Energy,2026-07-23,156.60,158.57,156.06,156.89,15822800
1112,XOM,Energy,2026-07-24,156.99,158.71,155.68,156.94,12091600
1113,XOM,Energy,2026-07-27,153.07,155.42,152.50,154.77,13955800
1114,XOM,Energy,2026-07-28,154.17,156.18,151.88,153.04,16299900
1115,XOM,Energy,2026-07-29,157.72,159.07,155.86,156.75,14571300
1116,XOM,Energy,2026-07-30,155.09,157.78,154.53,156.97,12578100
1117,XOM,Energy,2026-07-31,153.74,156.16,152.14,155.44,15714200
1118,XOM,Energy,2026-08-03,153.46,155.91,152.65,155.06,14532800
1119,XOM,Energy,2026-08-04,151.62,154.84,149.09,153.96,14347900
1120,XOM,Energy,2026-08-05,155.04,155.04,151.15,151.63,12227500
1121,XOM,Energy,2026-08-06,154.22,154.87,151.84,154.84,11879100
1122,XOM,Energy,2026-08-07,152.64,153.67,151.53,153.04,18455200
1123,XOM,Energy,2026-08-10,154.50,160.37,154.45,159.79,19761600
1124,XOM,Energy,2026-08-11,159.66,161.67,159.27,159.80,13744500
1125,XOM,Energy,2026-08-12,158.55,160.23,157.56,159.75,13219500
1126,XOM,Energy,2026-08-13,158.03,159.76,157.43,158.61,10542800
1127,XOM,Energy,2026-08-14,159.71,161.26,159.25,160.10,10231300
1128,XOM,Energy,2026-08-17,160.10,162.51,159.09,161.46,12858100
1129,XOM,Energy,2026-08-18,164.35,165.67,163.25,165.56,18952700
1130,XOM,Energy,2026-08-19,166.07,168.21,164.66,164.77,13648900
1131,XOM,Energy,2026-08-20,167.02,168.64,166.07,166.15,13803000
1132,XOM,Energy,2026-08-21,166.54,168.00,164.61,165.11,14314300
1133,XOM,Energy,2026-08-24,163.87,165.22,162.25,164.05,10842500
1134,XOM,Energy,2026-08-25,161.45,162.81,160.46,160.64,17525300
1135,XOM,Energy,2026-08-26,158.00,161.13,157.76,158.19,14838400
1136,XOM,Energy,2026-08-27,157.63,158.19,156.14,156.44,14288500
1137,XOM,Energy,2026-08-28,156.60,157.42,155.32,156.71,11352600
1138,XOM,Energy,2026-08-31,159.94,161.59,158.74,160.95,18363400
1139,XOM,Energy,2026-09-01,163.60,164.70,162.22,164.55,11381800
1140,XOM,Energy,2026-09-02,163.93,165.02,162.76,164.15,11287000
1141,XOM,Energy,2026-09-03,164.43,165.65,162.09,162.21,13755100
1142,XOM,Energy,2026-09-04,161.02,161.48,159.16,159.47,16206400
1143,XOM,Energy,2026-09-08,160.61,163.11,158.75,160.66,12607700
1144,CVX,Energy,2026-03-09,191.00,191.65,188.11,189.44,15987500
1145,CVX,Energy,2026-03-10,188.63,189.18,185.64,186.29,11999600
1146,CVX,Energy,2026-03-11,186.59,191.86,186.49,191.79,11371700
1147,CVX,Energy,2026-03-12,192.58,198.88,191.77,196.97,27151800
1148,CVX,Energy,2026-03-13,196.00,197.63,194.69,196.82,13017000
1149,CVX,Energy,2026-03-16,196.60,197.84,195.58,196.84,12683900
1150,CVX,Energy,2026-03-17,197.49,200.58,196.46,197.97,14018600
1151,CVX,Energy,2026-03-18,199.22,200.73,198.51,198.61,13305000
1152,CVX,Energy,2026-03-19,199.79,202.44,199.00,201.44,16918400
1153,CVX,Energy,2026-03-20,201.40,205.08,201.00,201.73,35849500
1154,CVX,Energy,2026-03-23,198.63,205.36,197.37,205.21,15735700
1155,CVX,Energy,2026-03-24,206.05,209.79,205.81,206.79,16695500
1156,CVX,Energy,2026-03-25,206.00,207.24,204.62,205.15,8865000
1157,CVX,Energy,2026-03-26,206.03,209.21,205.16,207.79,11085600
1158,CVX,Energy,2026-03-27,208.15,212.46,206.25,211.15,13907800
1159,CVX,Energy,2026-03-30,213.26,214.71,210.29,210.71,10409000
1160,CVX,Energy,2026-03-31,210.90,213.10,201.96,206.90,17403900
1161,CVX,Energy,2026-04-01,201.99,204.78,194.91,197.41,23051900
1162,CVX,Energy,2026-04-02,202.51,205.48,198.04,198.97,11528000
1163,CVX,Energy,2026-04-06,198.50,199.77,196.35,198.86,8245700
1164,CVX,Energy,2026-04-07,199.97,204.62,199.24,201.54,11672600
1165,CVX,Energy,2026-04-08,191.41,193.17,188.60,192.89,17195400
1166,CVX,Energy,2026-04-09,194.31,196.67,189.27,190.36,11634000
1167,CVX,Energy,2026-04-10,189.71,190.96,186.47,188.55,11151400
1168,CVX,Energy,2026-04-13,191.45,192.61,189.72,191.78,12000200
1169,CVX,Energy,2026-04-14,188.60,189.17,184.60,187.02,12111000
1170,CVX,Energy,2026-04-15,186.36,187.24,184.04,184.91,8661600
1171,CVX,Energy,2026-04-16,185.62,188.23,185.34,188.15,8013200
1172,CVX,Energy,2026-04-17,181.89,184.30,177.74,183.99,15720600
1173,CVX,Energy,2026-04-20,184.50,186.27,182.83,183.25,9661100
1174,CVX,Energy,2026-04-21,183.97,186.37,182.34,185.98,9799000
1175,CVX,Energy,2026-04-22,187.27,189.42,186.12,186.32,8708300
1176,CVX,Energy,2026-04-23,187.12,188.42,185.50,187.60,6684700
1177,CVX,Energy,2026-04-24,185.23,186.42,183.20,185.21,9626700
1178,CVX,Energy,2026-04-27,186.19,188.37,183.67,184.78,10836600
1179,CVX,Energy,2026-04-28,188.28,189.96,186.55,188.36,10754900
1180,CVX,Energy,2026-04-29,190.13,192.62,189.50,192.22,8644600
1181,CVX,Energy,2026-04-30,190.25,194.13,188.50,193.31,11748600
1182,CVX,Energy,2026-05-01,191.30,194.09,189.75,190.63,10435900
1183,CVX,Energy,2026-05-04,190.85,193.71,187.97,192.28,8229500
1184,CVX,Energy,2026-05-05,191.22,193.67,190.45,192.64,5642800
1185,CVX,Energy,2026-05-06,185.59,186.78,183.14,185.16,11082900
1186,CVX,Energy,2026-05-07,181.58,183.44,179.53,182.50,12194000
1187,CVX,Energy,2026-05-08,182.04,182.73,180.74,181.62,13053000
1188,CVX,Energy,2026-05-11,183.00,185.20,183.00,184.74,12042100
1189,CVX,Energy,2026-05-12,186.50,186.89,184.66,185.95,8995100
1190,CVX,Energy,2026-05-13,185.81,186.01,183.96,186.00,7554700
1191,CVX,Energy,2026-05-14,186.19,187.57,185.25,186.64,6222400
1192,CVX,Energy,2026-05-15,188.60,191.50,187.90,191.10,11210800
1193,CVX,Energy,2026-05-18,191.17,196.20,189.03,196.12,9869700
1194,CVX,Energy,2026-05-19,194.93,198.87,193.47,197.25,11819200
1195,CVX,Energy,2026-05-20,196.25,198.19,191.27,191.33,14564900
1196,CVX,Energy,2026-05-21,193.79,194.16,189.00,191.01,9051200
1197,CVX,Energy,2026-05-22,190.37,192.00,189.80,191.43,7209600
1198,CVX,Energy,2026-05-26,190.00,190.49,183.90,184.71,14264600
1199,CVX,Energy,2026-05-27,181.85,183.72,180.67,182.40,9442800
1200,CVX,Energy,2026-05-28,183.71,185.26,182.09,183.03,8725400
1201,CVX,Energy,2026-05-29,182.72,182.97,180.40,182.46,13886500
1202,CVX,Energy,2026-06-01,184.38,187.94,184.02,185.83,8850500
1203,CVX,Energy,2026-06-02,184.88,188.45,184.88,187.55,6549800
1204,CVX,Energy,2026-06-03,188.89,191.48,187.96,189.71,7983700
1205,CVX,Energy,2026-06-04,189.00,190.10,187.67,188.35,5163200
1206,CVX,Energy,2026-06-05,189.06,189.61,186.59,187.31,6310900
1207,CVX,Energy,2026-06-08,188.70,191.03,188.50,189.24,6113000
1208,CVX,Energy,2026-06-09,188.50,189.38,185.47,186.76,8469900
1209,CVX,Energy,2026-06-10,189.19,192.69,188.23,189.80,10041800
1210,CVX,Energy,2026-06-11,191.81,192.25,185.55,185.82,9274100
1211,CVX,Energy,2026-06-12,185.08,188.40,184.36,187.22,8703400
1212,CVX,Energy,2026-06-15,178.90,181.67,177.76,180.40,10184900
1213,CVX,Energy,2026-06-16,178.62,180.25,178.33,180.11,6663500
1214,CVX,Energy,2026-06-17,179.01,180.08,177.10,177.58,8430000
1215,CVX,Energy,2026-06-18,175.64,175.64,172.23,173.63,19146100
1216,CVX,Energy,2026-06-22,174.08,175.45,172.86,175.06,11108900
1217,CVX,Energy,2026-06-23,175.78,176.40,174.70,175.98,6555300
1218,CVX,Energy,2026-06-24,173.89,173.99,170.86,171.45,10634600
1219,CVX,Energy,2026-06-25,170.22,172.77,169.27,172.24,7954200
1220,CVX,Energy,2026-06-26,172.24,172.25,169.93,171.06,13102200
1221,CVX,Energy,2026-06-29,171.37,171.60,168.37,168.47,8813700
1222,CVX,Energy,2026-06-30,169.70,170.46,165.20,165.76,19428800
1223,CVX,Energy,2026-07-01,164.78,167.47,164.78,165.69,9175500
1224,CVX,Energy,2026-07-02,168.28,169.55,167.40,169.20,9561800
1225,CVX,Energy,2026-07-06,168.86,169.26,167.16,168.10,9974300
1226,CVX,Energy,2026-07-07,170.14,174.61,170.00,174.01,9748900
1227,CVX,Energy,2026-07-08,176.80,178.58,174.95,175.97,9921800
1228,CVX,Energy,2026-07-09,174.63,175.59,173.90,174.05,6582400
1229,CVX,Energy,2026-07-10,174.97,176.42,173.51,176.40,5996600
1230,CVX,Energy,2026-07-13,179.02,182.38,179.02,182.20,7685100
1231,CVX,Energy,2026-07-14,182.75,183.36,180.63,181.76,6823300
1232,CVX,Energy,2026-07-15,182.17,182.40,178.58,181.60,6665700
1233,CVX,Energy,2026-07-16,182.57,184.83,181.95,183.86,6257600
1234,CVX,Energy,2026-07-17,187.47,188.15,185.50,187.38,7058300
1235,CVX,Energy,2026-07-20,186.29,190.35,185.93,189.71,7767000
1236,CVX,Energy,2026-07-21,190.50,191.26,189.32,191.07,6892400
1237,CVX,Energy,2026-07-22,193.40,193.70,191.94,192.98,6142400
1238,CVX,Energy,2026-07-23,196.30,197.69,194.02,194.42,8150000
1239,CVX,Energy,2026-07-24,194.46,196.87,193.80,194.79,6700400
1240,CVX,Energy,2026-07-27,188.67,192.49,188.67,190.00,7369200
1241,CVX,Energy,2026-07-28,191.47,191.97,186.73,187.58,7406800
1242,CVX,Energy,2026-07-29,192.50,193.56,190.78,191.86,8101200
1243,CVX,Energy,2026-07-30,189.91,193.12,189.31,192.31,6645000
1244,CVX,Energy,2026-07-31,195.11,197.55,191.54,196.83,9958100
1245,CVX,Energy,2026-08-03,195.38,195.86,191.81,193.18,9544100
1246,CVX,Energy,2026-08-04,190.15,191.47,186.34,190.40,9455900
1247,CVX,Energy,2026-08-05,191.19,191.38,186.27,186.41,8260600
1248,CVX,Energy,2026-08-06,188.97,189.78,187.02,189.23,7182100
1249,CVX,Energy,2026-08-07,186.21,187.75,185.87,186.56,7098800
1250,CVX,Energy,2026-08-10,188.88,194.99,188.88,194.91,13667300
1251,CVX,Energy,2026-08-11,194.25,197.46,194.25,196.66,6049800
1252,CVX,Energy,2026-08-12,195.22,197.40,194.58,196.60,7366200
1253,CVX,Energy,2026-08-13,195.00,198.10,193.75,197.70,5908900
1254,CVX,Energy,2026-08-14,198.87,201.63,198.36,200.00,7910500
1255,CVX,Energy,2026-08-17,200.73,203.68,199.80,202.70,8357800
1256,CVX,Energy,2026-08-18,205.03,206.22,203.71,205.74,7701600
1257,CVX,Energy,2026-08-19,205.05,207.68,204.26,205.76,8689900
1258,CVX,Energy,2026-08-20,208.90,208.98,205.52,205.77,8200600
1259,CVX,Energy,2026-08-21,205.93,207.82,205.01,205.27,7359100
1260,CVX,Energy,2026-08-24,203.67,205.30,201.75,203.09,5853900
1261,CVX,Energy,2026-08-25,201.03,202.06,199.79,199.89,8176800
1262,CVX,Energy,2026-08-26,198.73,202.39,198.12,200.21,6863100
1263,CVX,Energy,2026-08-27,199.57,200.88,197.82,199.77,8112300
1264,CVX,Energy,2026-08-28,199.98,202.24,199.56,201.86,5301000
1265,CVX,Energy,2026-08-31,206.08,208.42,203.84,206.14,12067400
1266,CVX,Energy,2026-09-01,209.00,211.08,207.80,211.05,8551500
1267,CVX,Energy,2026-09-02,210.49,212.79,209.46,211.78,7595300
1268,CVX,Energy,2026-09-03,212.38,213.20,211.17,211.32,6668200
1269,CVX,Energy,2026-09-04,209.51,209.86,207.12,208.60,5458400
1270,CVX,Energy,2026-09-08,211.25,213.31,209.18,209.80,7703900